amount,failed_attempts,new_device,account_age_days,international,is_fraud
15895,2,0,1,0,0
960,2,0,761,0,0
76920,1,1,261,1,0
54986,8,0,63,0,0
6365,2,0,483,1,0
82486,4,1,676,1,1
37294,8,1,321,0,1
87598,7,0,846,0,1
44231,1,1,201,1,0
60363,2,0,222,1,0
16123,1,1,152,0,0
41190,7,1,644,1,1
67321,5,1,626,1,1
64920,5,0,462,1,1
869,8,0,217,0,0
59835,7,0,196,1,1
63055,3,1,793,1,0
65025,3,1,202,1,0
68069,8,1,995,1,1
5411,0,1,647,0,0
83204,1,0,234,0,0
53807,1,0,141,1,0
85405,5,0,708,1,1
28793,3,1,498,1,0
72032,9,1,555,0,1
93116,2,0,57,0,0
25758,2,1,932,1,0
84578,2,0,504,1,0
18531,5,1,142,0,0
2847,7,1,722,1,0
59250,6,0,584,1,0
65825,3,0,736,0,0
84754,3,1,539,0,0
35873,9,0,640,0,0
67535,1,0,106,0,0
56986,0,1,165,0,0
66903,8,1,215,1,1
31651,1,1,71,0,0
11494,7,0,716,0,0
69192,8,1,665,0,0
3990,3,1,579,0,0
41706,7,1,90,0,0
96376,8,1,772,0,1
80138,9,1,874,1,1
87413,9,0,228,0,0
10727,4,1,79,1,0
8892,6,1,608,1,0
74069,9,0,349,0,1
43101,3,1,842,0,0
76652,0,1,981,1,0
23997,2,0,894,1,0
68248,4,1,246,1,0
23583,2,0,272,0,0
48655,6,1,403,1,1
17259,8,0,669,0,0
80177,5,0,116,0,0
36020,9,1,435,1,1
92167,0,0,530,0,0
67221,6,0,442,0,1
69579,2,1,172,1,0
89575,4,1,16,1,1
19557,9,0,961,0,1
66657,3,1,752,1,0
77289,9,0,898,0,0
79053,4,0,56,1,0
53095,4,1,591,1,0
40857,5,1,103,1,0
9792,9,0,284,1,0
45858,9,1,705,0,1
72509,5,1,517,1,1
71311,7,0,618,0,0
65797,7,0,278,0,0
37165,8,0,885,1,0
92193,7,0,612,1,1
99399,1,0,750,1,0
32706,9,0,269,1,1
11634,0,1,833,1,0
94763,9,0,400,0,0
40497,1,1,503,1,0
91487,1,1,86,0,0
1116,2,0,320,0,0
89889,9,1,32,0,0
55691,6,0,336,0,1
89912,1,1,51,1,0
23347,0,0,79,1,0
24400,5,0,698,0,0
74165,8,0,174,0,1
82898,2,0,948,1,0
9368,5,1,618,0,0
86907,2,1,501,1,0
12285,0,1,575,0,0
63804,4,1,76,1,1
86879,9,1,316,0,1
39199,3,0,833,0,0
8671,6,0,373,0,0
38144,5,0,81,1,0
51314,9,0,873,1,1
61328,6,0,640,1,0
49084,4,1,695,0,0
40874,3,0,755,0,0
2668,6,0,697,0,0
62692,6,1,732,0,0
67663,5,1,71,0,0
2795,7,0,969,0,0
48290,3,0,854,1,0
5358,9,1,666,1,1
87638,4,0,757,1,0
39604,3,0,652,0,0
33259,0,0,71,1,0
14086,7,1,46,0,1
61958,0,0,47,0,0
12766,4,0,591,1,0
38760,5,1,422,0,1
3661,5,1,149,0,0
26954,4,1,910,0,0
64605,2,0,130,0,0
52351,4,1,456,0,0
22762,7,0,639,1,0
8492,1,1,877,1,0
30635,5,0,631,0,0
78703,8,1,966,0,0
52356,7,0,997,1,1
89235,7,0,869,1,1
35322,7,1,505,1,0
77473,6,1,929,0,1
79675,7,0,774,1,0
96454,5,1,244,1,1
84751,1,0,474,0,0
63435,1,1,382,0,0
11065,7,1,103,1,0
24638,0,0,489,0,0
70692,5,1,37,1,1
98118,5,1,654,1,1
8210,3,0,549,0,0
79409,9,0,520,0,1
27366,2,1,743,1,0
53092,2,0,333,0,0
83048,0,1,397,0,0
98906,2,1,296,0,0
7010,3,0,107,0,0
91082,4,0,860,0,0
306,2,0,954,0,0
87154,5,0,530,0,0
87997,4,0,825,1,0
23519,2,0,83,0,0
50736,5,1,934,1,1
50115,5,1,288,0,1
54368,7,0,982,1,0
88039,1,1,706,0,0
18241,0,1,461,1,0
80456,3,1,215,0,0
72010,6,1,281,1,1
56144,9,0,732,0,1
67314,2,1,954,0,0
33927,2,1,459,1,0
55920,4,0,801,1,0
62723,4,0,344,0,0
81834,9,0,194,1,1
75550,2,0,158,1,0
93526,8,1,465,0,1
22399,3,0,104,1,0
43685,2,1,34,0,0
64144,1,1,102,1,1
42657,9,0,639,0,0
49180,8,0,726,1,0
2793,3,0,325,0,0
95103,2,0,944,0,0
95359,6,0,808,1,1
69263,7,0,691,1,1
26039,1,1,592,0,0
49025,6,1,141,0,0
43041,4,1,474,1,0
21934,4,1,31,1,0
18147,2,0,884,1,0
26205,4,0,935,1,0
75866,1,1,63,1,0
15807,3,1,560,1,0
22076,5,1,87,0,0
44362,0,0,304,1,0
23876,9,0,61,1,0
30180,3,0,396,1,0
66942,5,1,334,1,1
61473,8,1,952,0,1
6876,1,0,786,0,0
92887,6,0,411,0,1
55116,5,1,284,0,0
9574,1,1,466,1,0
58153,7,0,80,0,0
22059,6,1,692,1,0
5630,4,0,784,1,0
94956,4,0,77,0,0
3848,6,1,954,0,0
97604,8,1,733,1,1
98198,8,1,905,0,0
13645,8,0,794,0,0
66299,5,1,540,1,1
34866,9,1,361,1,1
73630,5,0,77,1,0
93657,2,0,509,1,0
61187,0,1,164,1,0
95939,6,0,9,0,1
68940,3,0,175,1,0
54484,0,0,462,1,0
51105,7,1,307,1,1
46676,5,1,588,0,1
39453,5,0,245,1,0
62103,1,0,122,1,1
83311,0,0,185,0,0
52833,1,1,32,1,0
65418,3,0,998,1,0
89574,1,0,963,1,0
23764,0,1,762,0,0
67272,6,0,569,0,1
85716,7,1,310,1,1
93364,5,1,372,1,1
26836,3,1,656,1,0
94309,5,0,830,0,1
954,2,0,596,0,0
90184,7,1,992,0,0
38723,9,0,56,0,0
7492,1,1,791,0,0
55780,4,0,273,0,0
46817,0,1,464,1,0
87192,5,1,678,0,1
50959,1,0,456,1,0
26409,3,0,979,0,0
87555,5,0,670,1,0
63834,9,0,249,0,0
70567,7,1,698,1,1
52762,7,1,994,1,1
98606,5,0,78,1,1
12788,3,0,534,0,0
25442,7,1,108,0,0
37257,7,0,273,0,0
67963,9,0,764,1,1
52183,0,0,15,1,0
65833,3,0,370,1,0
89145,3,1,304,0,0
34798,6,1,672,0,0
80723,6,0,205,1,1
22771,7,1,981,0,0
25284,4,0,113,0,0
93484,6,0,680,0,0
42207,7,0,865,0,1
86302,8,1,253,1,0
51763,2,1,441,0,0
15808,2,1,186,0,0
92006,3,1,859,1,0
49911,4,1,227,1,0
2911,9,0,528,0,0
56350,0,0,668,0,0
72182,6,1,354,0,1
34854,8,1,623,0,0
95842,7,1,1,1,1
11511,4,0,553,1,0
3011,3,1,560,1,0
67370,6,0,927,0,1
83863,4,0,420,0,0
8780,6,1,620,1,1
84996,0,0,161,0,0
83979,0,0,161,1,0
71395,9,1,871,1,1
88714,2,0,128,1,0
11211,1,1,722,1,0
37604,1,0,151,1,0
1902,6,1,444,1,1
8255,9,1,767,1,1
73756,1,0,471,0,0
39484,3,1,463,1,0
47354,1,0,730,1,0
22018,5,0,30,0,0
86081,7,1,473,1,1
60813,9,0,557,0,1
30406,3,1,80,1,0
16746,4,0,39,0,0
46943,3,0,240,0,0
96701,2,1,557,0,0
90835,4,0,590,1,0
16471,8,0,337,0,0
77471,7,0,908,1,0
2149,7,0,861,1,1
31716,7,0,800,1,0
21032,7,0,952,1,0
29955,6,0,280,1,0
61534,7,0,116,1,1
72794,7,1,269,1,1
43116,7,0,916,0,0
7500,9,0,335,1,0
42742,6,1,312,1,1
15251,0,1,53,0,0
51507,3,1,68,1,0
66790,3,0,694,0,0
4599,4,1,34,0,0
6395,9,1,796,1,0
59140,5,0,818,1,1
12283,3,0,386,0,0
29399,1,1,249,1,0
12974,5,1,111,0,0
32811,7,0,94,0,0
5639,7,0,410,1,0
53451,6,0,179,0,0
61367,5,0,47,1,0
48454,1,0,794,1,0
2657,6,1,852,0,1
38460,4,0,874,0,0
82118,5,0,604,1,1
2300,9,0,376,1,0
68597,7,0,724,1,1
47075,7,0,587,0,0
21457,2,1,890,1,0
77605,6,0,202,0,0
2969,0,1,445,0,0
61235,0,0,919,0,0
50208,6,1,933,1,1
94279,9,1,297,0,1
90372,8,0,308,1,1
38567,6,0,723,0,1
23428,9,0,493,1,1
91512,4,0,338,1,0
86931,7,0,945,0,1
4087,1,1,923,1,1
58971,8,0,646,0,0
22499,5,0,842,0,0
46314,8,1,66,0,0
99622,1,0,792,0,0
86516,2,1,422,0,0
70371,7,0,540,0,0
44164,0,1,924,0,0
70191,9,0,629,1,0
40918,6,1,493,0,1
45625,6,1,882,0,0
19930,0,0,999,1,0
17529,8,0,962,1,0
6993,7,0,317,0,1
80009,3,1,942,0,1
47433,9,1,837,0,0
3536,4,1,626,1,0
74390,1,0,75,0,0
76313,8,0,714,1,1
5995,5,1,939,0,0
19838,2,0,59,0,0
30846,6,1,386,1,1
49477,8,0,15,0,0
48504,2,0,231,0,0
54145,1,1,617,0,0
97988,6,0,677,1,1
39890,6,0,199,0,0
5700,3,0,916,0,0
94760,8,0,354,1,0
93279,7,0,35,1,1
40864,0,1,162,0,0
74643,0,0,757,0,0
45814,4,1,982,1,0
56935,5,0,799,0,0
73844,2,0,895,0,0
56591,8,1,471,1,1
18689,9,1,531,0,1
43584,5,0,964,0,0
83089,3,0,792,1,1
36312,6,1,852,0,0
43625,7,1,423,0,0
47302,8,1,348,0,0
32735,5,1,694,1,1
63308,5,0,935,0,1
33928,7,0,913,1,0
18811,4,0,147,1,0
3520,2,0,374,0,0
96852,2,0,688,1,0
401,5,1,675,0,0
45336,1,1,416,0,0
66335,5,1,687,0,1
54340,5,0,494,1,0
65826,7,1,559,0,1
10592,6,0,256,0,0
6202,7,0,960,0,0
50436,8,0,686,1,0
85414,5,1,103,1,1
26741,2,0,121,0,0
34684,9,0,419,0,0
32845,2,1,350,0,0
23193,0,0,657,0,0
66205,4,1,42,1,0
51985,3,0,367,1,0
36731,8,1,29,1,1
73091,8,0,966,1,1
4114,4,0,892,1,0
11193,9,1,785,1,0
18170,3,0,977,1,0
35877,6,1,14,0,1
57058,5,0,920,0,0
82174,3,1,953,0,0
10829,9,0,818,0,0
99813,1,0,825,0,0
45117,0,0,485,0,0
66420,3,1,189,1,1
27851,3,1,872,0,0
78169,0,1,295,1,0
54848,5,1,183,0,1
5901,3,1,864,1,0
19290,0,0,548,1,0
49789,0,0,882,0,0
51093,0,0,37,0,0
29692,7,0,14,0,1
10747,9,0,923,0,0
8816,7,1,635,0,0
88991,1,0,595,1,0
87645,6,1,159,0,1
90012,7,0,494,1,0
70416,7,1,329,1,1
2468,9,1,614,1,1
77675,6,1,849,0,0
6755,4,0,83,0,0
70131,0,0,556,0,0
76529,8,0,580,0,1
91183,6,0,560,0,1
88022,1,1,569,0,1
55866,5,1,587,1,1
13503,1,1,22,0,0
32197,0,1,132,1,0
78757,6,0,465,1,0
11066,1,1,456,0,0
99257,1,0,302,0,0
93948,4,1,955,0,0
53021,4,1,930,0,0
49826,6,1,267,0,1
50400,0,0,799,0,0
22777,7,0,395,1,1
55709,2,1,120,1,0
96925,3,1,246,1,0
56761,8,1,568,1,1
31124,3,0,38,1,0
70413,9,0,245,1,0
53106,4,0,21,0,0
95385,6,1,110,0,0
15438,3,0,606,0,0
68127,0,1,394,1,1
92872,8,0,410,1,1
80235,3,1,987,1,0
19608,8,1,648,0,1
3151,5,0,743,0,0
48847,0,1,8,0,0
87242,2,1,444,1,0
87335,1,1,328,1,0
54121,8,0,887,1,1
66512,0,1,290,0,0
58435,8,0,763,1,1
56279,8,0,511,0,1
32193,7,1,912,0,0
69778,7,0,361,0,0
80838,0,1,909,0,1
39834,7,0,599,0,0
72715,9,1,716,0,0
73623,2,0,219,0,0
94576,6,1,406,1,0
17119,0,1,992,0,0
83713,0,1,753,1,0
91894,9,1,923,0,0
86772,4,0,832,0,0
73947,4,0,770,0,0
82850,7,1,621,1,1
79734,6,0,768,0,0
28351,7,1,993,0,0
26045,5,1,794,1,0
90952,5,0,220,1,1
32317,1,0,595,1,0
8408,5,1,107,1,0
6049,4,0,581,0,0
52090,2,1,609,0,0
1250,5,0,724,1,1
89580,7,0,286,0,1
74840,8,0,749,1,1
66717,0,0,8,1,1
94941,2,0,806,1,0
16996,2,1,189,0,0
46275,7,0,81,1,0
7905,0,0,108,0,0
5337,4,1,321,0,0
20156,2,1,579,0,0
45643,1,1,686,1,0
56656,7,0,346,0,0
3443,2,0,863,1,0
13600,6,1,328,0,0
53322,0,1,555,0,0
29475,5,1,699,0,1
9762,2,1,302,1,0
17064,7,0,200,1,0
59738,5,0,893,1,1
73766,1,0,419,1,0
85167,5,0,39,0,0
67315,6,0,732,0,1
69142,4,1,307,1,0
13384,2,0,4,1,0
72889,3,1,633,1,0
84764,3,1,848,1,0
93568,5,1,77,0,1
61489,9,0,468,1,1
9535,0,1,179,1,0
54440,3,0,645,0,0
44178,9,1,823,1,1
78932,3,0,741,0,0
51393,9,1,276,1,1
96081,0,0,152,0,0
78881,8,1,164,1,1
60503,3,1,290,1,0
29224,6,1,378,1,0
95535,2,1,621,1,0
44019,9,0,638,1,0
35347,2,0,752,0,0
94858,7,0,310,1,1
91847,7,1,930,0,1
62852,0,1,979,0,0
56673,9,1,913,0,0
59201,1,1,389,0,0
26746,7,1,857,1,1
23149,0,1,658,1,0
79705,7,0,764,1,1
98216,7,0,183,1,1
97479,1,0,821,0,0
68485,3,0,306,0,0
40258,5,0,72,0,0
65517,8,0,219,1,1
23389,7,0,719,1,0
9923,7,0,173,1,0
60260,6,1,653,1,1
42075,8,1,272,0,0
9640,1,1,726,1,0
16464,2,1,468,1,0
4711,9,1,269,0,1
27763,7,1,20,0,0
52091,5,1,578,1,1
57779,9,0,995,1,1
31077,8,0,815,0,0
94804,9,1,503,1,1
49215,3,0,147,0,0
91107,7,0,429,0,1
88323,9,0,165,1,1
60990,2,0,890,0,0
66487,2,0,310,1,1
18171,7,1,518,1,0
59375,4,0,14,1,0
72469,2,1,132,1,0
12038,9,1,854,0,0
35295,0,1,755,1,0
91780,2,0,439,1,0
4100,8,1,743,0,0
70688,4,1,740,1,0
93710,9,1,674,1,1
97956,1,1,795,1,0
38404,6,0,263,1,0
69549,1,1,643,0,0
83086,3,1,943,0,0
89743,6,1,225,1,1
20864,3,1,258,0,0
86127,6,0,234,0,0
38594,6,1,336,0,1
3473,0,1,409,0,0
12261,5,1,828,1,0
97632,8,1,975,0,1
92758,1,1,24,1,0
27450,2,1,271,1,1
93108,9,0,95,0,1
94397,4,1,142,1,0
25451,8,0,694,0,0
88768,3,0,718,1,0
15405,0,1,902,1,0
75453,3,0,974,0,0
76897,5,1,81,1,1
66053,4,0,274,0,0
57558,0,1,276,1,0
20458,3,0,883,1,0
3367,5,0,958,0,0
82845,9,1,465,0,1
89688,9,0,208,0,1
38613,3,0,296,1,0
26192,8,0,39,0,0
11438,4,0,948,0,0
512,7,0,288,0,0
7643,8,1,124,0,0
33596,9,0,876,1,0
60792,4,0,969,1,0
89184,5,1,283,1,1
93020,0,1,878,1,0
44525,6,1,180,1,1
38856,3,0,97,1,0
18988,1,0,191,0,0
35835,4,0,74,1,0
47395,2,0,447,0,0
83142,5,1,785,0,1
86099,7,1,497,0,1
18055,6,0,561,0,0
37941,2,0,484,1,0
70740,7,0,849,1,1
65610,1,0,722,1,0
35011,9,1,116,0,1
59131,8,1,535,1,1
88826,3,0,98,1,0
7457,0,1,328,1,0
32579,7,0,909,1,0
61576,6,0,407,1,0
44911,4,1,313,1,0
36308,9,0,702,0,0
20250,4,1,694,0,0
71280,6,0,148,1,1
43386,4,1,342,0,0
68550,7,0,495,0,1
21452,5,1,948,1,0
55169,4,0,23,0,0
14497,8,0,105,1,0
41655,1,1,675,0,0
47059,0,0,579,1,0
828,7,1,802,0,0
50617,2,1,801,0,1
66334,6,0,558,0,1
40054,9,0,593,0,0
47380,7,0,941,1,0
79559,5,0,659,0,1
16879,9,1,222,1,1
64032,8,0,855,1,1
73036,6,0,15,0,1
24566,9,0,891,0,0
37039,4,1,633,1,0
69996,7,0,78,0,1
35370,1,1,322,1,0
59263,6,0,807,0,0
82737,3,1,241,1,1
52034,8,0,18,0,1
64995,0,0,768,0,0
32407,6,1,454,1,0
54198,5,0,443,1,0
61021,7,0,928,1,0
5586,4,0,277,0,0
8435,0,1,424,0,0
87000,0,0,476,0,0
89212,8,1,27,0,1
97303,9,1,514,1,1
11230,5,1,865,1,1
87608,9,0,464,0,1
60666,4,1,807,0,0
66803,0,1,982,0,0
27292,5,0,824,1,0
1162,5,1,363,1,0
84176,2,1,383,0,0
89880,7,0,751,1,1
21645,0,0,525,0,0
21789,0,1,382,0,0
11274,5,0,184,1,0
88561,9,0,194,1,1
9448,0,0,462,1,0
23814,5,1,56,1,1
38202,0,1,230,0,0
74560,5,0,489,1,1
90030,2,1,28,1,1
6901,7,0,832,1,0
72367,5,0,583,1,1
48236,0,0,722,0,0
23725,4,0,960,0,0
82973,7,0,184,1,1
72692,2,1,425,1,0
77152,5,1,375,0,1
44361,4,1,868,0,0
1642,5,1,41,1,0
21777,9,0,484,0,0
46832,0,0,260,0,0
50443,6,1,441,0,0
39181,8,1,926,0,0
62956,1,0,856,1,0
93205,9,0,84,0,1
88958,4,0,46,0,0
19165,9,1,440,1,0
83560,3,0,671,1,0
88192,5,0,856,1,0
54793,5,1,519,0,1
27062,1,1,986,1,0
28395,1,1,845,0,0
13907,3,0,438,1,0
42448,0,0,136,0,0
26532,8,1,183,1,0
83385,6,0,709,1,1
91892,6,0,172,0,1
57954,2,0,909,1,0
40362,2,1,861,1,0
37180,0,1,788,1,0
1424,2,0,590,1,0
91367,2,0,928,1,0
36009,3,0,956,0,0
89439,3,0,690,0,0
19970,2,1,539,1,0
34678,9,1,120,1,0
72224,7,0,281,0,1
26890,7,0,308,0,0
25389,0,1,708,1,0
55229,6,0,277,0,1
93814,1,1,530,1,0
94346,0,0,295,1,0
15585,2,1,783,1,0
44582,3,0,53,1,0
86288,5,0,806,0,0
4848,9,1,432,0,1
86869,4,1,52,0,0
9535,3,0,728,1,0
3809,7,0,72,0,0
30455,3,1,28,1,1
55871,9,1,469,1,1
57899,1,0,912,0,0
13216,2,0,764,1,0
25570,5,1,886,1,0
42444,7,1,912,1,1
43018,7,1,547,0,0
52324,8,1,401,1,1
39398,6,1,201,0,1
80319,1,0,761,1,0
61729,7,0,611,0,0
66140,6,1,820,1,1
99618,7,0,989,0,0
99935,2,0,999,0,0
28116,6,1,466,1,1
24060,9,0,652,1,0
33691,8,0,595,1,0
82948,2,0,560,1,0
67741,9,1,790,0,1
36495,5,1,379,1,1
22800,1,0,760,0,0
34720,1,0,895,1,0
20659,4,0,177,0,0
93145,4,0,52,0,0
93496,6,0,79,0,0
61742,1,0,385,1,0
76639,6,1,834,1,1
21832,4,0,576,0,0
91462,5,0,8,0,1
30454,7,1,214,0,0
13943,9,0,25,0,0
71826,3,0,450,0,0
17740,6,0,768,1,0
52628,5,0,755,0,1
38513,9,1,969,1,0
52738,1,0,457,1,0
52836,7,1,461,1,0
68966,9,0,198,0,0
19187,8,0,94,0,0
41530,4,1,719,0,0
24604,9,0,947,0,0
7214,3,1,437,1,0
78959,5,1,527,1,1
99757,7,1,690,1,1
11075,2,0,967,0,0
11123,9,0,378,0,0
21547,0,0,587,0,0
90569,3,0,104,0,0
24059,3,1,806,0,0
66303,0,0,680,0,0
29803,8,0,962,1,0
9437,2,1,627,1,0
46527,4,1,39,0,0
61629,5,0,458,1,1
84765,7,1,364,1,1
32021,5,1,785,1,0
33407,2,1,135,1,0
27455,5,1,374,0,0
4935,0,1,232,1,0
20259,3,0,39,0,0
47705,5,0,964,0,0
38188,6,0,803,1,1
78852,9,0,819,0,0
55384,2,0,47,1,0
57143,8,0,36,0,1
35647,6,0,832,0,0
97107,0,1,95,1,0
82944,1,0,985,1,0
27632,0,0,361,0,0
34449,8,0,525,1,1
45545,8,1,146,0,0
5813,6,0,917,1,0
56278,9,0,368,0,1
49507,2,1,65,0,0
70440,4,0,228,0,0
51090,3,0,754,0,0
75772,6,1,520,0,1
65645,8,0,816,1,1
84891,1,1,853,0,0
58241,7,0,555,1,1
23893,8,0,756,1,0
56670,9,0,181,0,0
95184,9,1,501,0,1
37992,8,1,597,1,0
1115,9,1,155,0,0
61913,6,0,787,0,1
27812,8,0,535,1,0
8515,8,1,627,1,1
62392,2,1,818,1,0
23933,3,0,435,1,0
4258,1,0,811,1,0
62780,9,0,99,1,1
20409,2,0,616,0,0
7070,4,1,372,1,0
72574,4,0,563,1,1
86804,5,0,362,0,0
46640,6,0,112,0,0
20484,6,0,453,0,0
18117,0,0,756,0,0
75980,1,0,169,0,0
8802,8,0,584,0,0
484,9,1,139,1,1
504,1,1,848,0,0
41043,5,1,231,0,1
48026,0,0,239,0,0
29289,2,1,984,0,0
12863,1,0,253,1,0
18484,2,0,981,0,0
60200,4,0,436,0,0
98242,9,0,919,1,1
9960,5,1,561,1,0
80742,8,0,422,1,0
50712,9,0,303,0,0
23674,3,1,72,1,0
23624,6,1,263,1,0
69272,5,1,834,1,1
11016,1,0,222,0,0
4909,9,1,77,0,1
32301,7,0,62,1,1
53430,6,0,471,0,0
13556,6,1,157,0,0
56497,7,1,806,0,1
38865,0,1,125,0,0
34916,0,0,741,0,0
45206,7,0,852,1,0
54032,3,0,161,1,0
17200,4,0,541,1,0
57191,7,0,626,1,1
22049,4,0,591,0,0
70180,9,1,535,1,1
37844,3,0,106,1,0
45643,5,1,131,0,1
92293,4,1,357,0,0
36287,6,1,989,0,0
7339,9,1,685,0,0
14589,6,1,776,1,0
58117,3,0,854,0,0
61977,4,0,885,0,0
43225,2,0,797,0,0
50022,3,0,2,0,0
94174,3,1,233,0,0
32149,2,1,369,0,0
37231,9,1,251,1,0
43044,4,0,946,1,0
74063,4,0,833,1,0
24385,6,0,108,0,0
37726,3,0,276,0,0
42908,3,1,180,1,0
88564,8,1,725,1,1
53971,5,0,293,1,1
19298,3,0,584,1,0
19858,1,1,795,0,0
15354,5,1,175,1,0
44338,1,1,123,0,0
1352,4,1,227,0,0
39864,5,0,902,0,1
77809,3,1,444,1,0
37541,2,1,813,1,0
92334,6,1,428,1,1
53782,1,1,83,0,0
59594,5,0,765,0,1
81417,3,0,658,1,0
65315,5,0,632,0,0
78687,3,0,65,1,0
7049,3,0,281,0,0
55493,3,0,795,0,0
73653,8,1,391,0,1
7041,6,1,428,0,0
26034,2,1,618,0,0
23486,2,1,925,0,0
61986,5,0,991,0,1
75845,5,1,812,1,1
83351,3,0,107,0,0
94556,8,1,548,0,1
53513,3,1,659,1,0
56900,8,1,262,1,1
97339,3,0,921,1,0
42418,1,1,159,1,0
70273,1,0,265,0,1
70490,4,0,468,0,0
52429,3,1,202,1,0
43188,6,0,933,0,1
39911,4,0,155,1,0
55579,5,1,13,0,1
85492,9,1,297,0,1
87469,3,1,896,0,0
20063,1,1,834,0,0
55223,9,1,498,0,1
92805,8,1,597,1,1
73577,9,0,993,0,1
14488,6,1,792,0,1
5669,3,1,245,0,0
69936,2,0,300,0,0
36686,9,1,362,0,0
12115,2,0,354,1,0
45102,8,1,828,0,0
6354,4,1,521,1,0
17244,2,0,386,0,0
24314,4,1,759,0,0
80819,1,0,312,1,0
71874,3,1,414,0,0
6190,9,1,278,0,0
11737,1,0,750,1,0
22515,1,1,715,0,0
24171,7,1,759,1,1
58343,0,0,747,1,1
41340,6,1,593,1,0
83907,4,0,356,0,0
33534,7,1,525,0,0
69824,0,0,839,1,0
75797,6,1,16,0,1
28832,4,0,993,1,0
11414,3,0,45,0,0
24054,6,1,321,1,1
57208,9,1,651,0,1
87144,1,0,326,1,1
87605,0,1,148,0,0
36768,0,0,355,1,0
23161,0,1,236,0,0
79352,4,1,703,1,0
39849,9,0,613,0,0
17007,6,0,105,0,0
18877,1,1,474,1,0
93329,9,1,762,0,1
51845,7,1,396,0,1
91965,3,1,446,0,0
81918,2,1,606,0,0
23724,9,0,220,1,0
23421,7,1,987,0,0
10588,1,1,810,0,0
22674,2,0,851,1,0
5340,2,0,965,0,0
43321,9,0,442,1,0
10578,0,1,645,0,0
55745,5,0,873,1,1
19362,1,0,667,0,0
52896,0,0,28,1,1
4532,1,0,794,1,0
95357,5,1,475,1,1
64391,3,1,628,0,0
79204,5,1,305,1,1
59499,8,0,746,0,0
79814,9,0,405,1,1
50528,9,0,513,1,1
87831,7,0,502,1,1
402,0,0,348,0,0
82658,7,0,240,0,1
155,8,1,570,1,0
8817,5,1,847,1,0
28799,9,0,695,1,0
73786,4,1,337,1,0
67761,5,0,26,1,1
44347,5,0,980,1,0
16848,8,1,409,1,1
4721,3,0,77,1,0
15134,1,1,929,0,0
5226,8,0,217,1,1
5222,1,0,328,0,0
18130,9,1,837,1,1
82938,8,0,774,0,1
84817,1,0,23,0,1
55758,7,0,756,1,1
38738,8,1,670,0,0
67167,9,0,718,0,0
88969,8,0,310,1,1
34774,9,0,599,1,0
35954,8,1,267,1,0
46371,1,1,415,0,0
73788,3,1,646,1,1
38618,6,1,267,0,0
10367,1,1,333,1,0
90925,0,0,780,1,0
1162,2,1,450,0,0
50548,3,1,565,0,0
95562,7,0,611,0,0
6329,5,1,247,1,0
56893,1,0,36,1,0
48015,8,1,401,1,0
4732,1,0,28,0,0
3696,4,0,220,0,0
6268,3,1,406,0,0
7661,6,1,614,0,0
73894,7,0,775,1,1
82252,4,0,271,0,0
26834,9,0,736,0,0
6471,4,0,651,1,0
26169,1,0,792,1,0
80005,7,0,511,0,1
13010,1,0,963,0,0
73579,9,1,286,0,1
77835,5,0,454,0,0
81364,7,1,762,0,0
23375,5,1,834,0,0
72374,3,0,317,1,0
81549,3,0,590,1,0
60104,5,1,297,1,1
63081,3,0,338,1,0
84759,7,0,307,0,1
54653,8,1,428,0,1
48547,0,1,351,0,0
34629,3,1,511,0,0
75803,3,0,525,1,0
76190,1,0,858,0,0
17360,5,1,492,0,0
3912,2,0,908,0,0
28124,6,1,594,0,1
58756,4,0,9,1,1
27385,3,1,497,0,0
92536,4,0,725,1,0
1705,7,1,560,0,0
71258,2,0,561,0,0
72403,6,0,821,0,0
27239,5,1,440,1,0
77249,0,0,552,0,0
56238,6,0,875,0,0
76225,6,1,792,0,1
14018,0,0,738,1,0
85755,8,0,968,1,0
27546,5,0,108,0,0
13146,1,1,245,1,0
24918,4,1,255,0,0
4424,3,1,33,0,0
76423,6,1,23,1,1
9211,7,1,845,0,0
38210,0,0,566,0,0
16489,4,0,821,1,0
41527,2,1,49,1,0
79679,0,0,462,1,0
28846,2,0,590,1,0
87986,5,0,336,0,1
217,6,0,945,0,0
84571,7,1,358,0,1
13334,3,1,122,0,0
53541,2,0,444,0,0
946,4,0,359,0,0
11054,8,1,602,0,0
79339,5,0,346,0,0
46614,8,0,193,1,0
88336,5,0,416,0,1
97679,1,1,377,0,0
6569,4,1,463,0,0
30205,8,0,756,0,0
42201,7,0,661,0,1
64423,6,0,146,1,1
92022,0,0,478,1,0
58167,3,0,828,1,0
49476,6,0,890,0,0
45687,6,1,653,0,1
37076,5,1,408,0,1
67684,7,0,286,0,0
78577,5,1,898,1,1
42633,9,0,851,1,1
1928,2,0,111,0,0
2017,3,1,620,0,0
20718,2,1,879,1,0
32354,0,0,793,1,0
47462,9,0,50,1,0
20228,4,1,14,1,0
59483,0,1,134,1,0
65645,0,0,588,1,0
82280,1,0,596,1,0
88058,3,0,343,0,0
9965,5,1,670,0,0
2319,7,0,286,1,0
39909,2,1,934,0,0
5387,0,0,314,1,0
34487,2,1,606,0,0
8612,2,1,297,1,0
1442,4,1,606,0,0
63176,3,1,569,1,1
19316,3,0,164,0,0
93170,8,1,832,0,0
79867,6,1,497,1,1
97929,3,1,610,1,0
26714,2,0,16,1,0
36358,5,0,344,0,0
93889,2,0,78,0,0
42178,5,0,346,0,0
83624,8,0,72,0,1
96673,5,0,270,1,1
12319,3,1,287,1,0
335,4,1,66,0,0
43029,5,1,880,1,0
67544,2,0,68,1,0
8667,7,1,193,1,1
70892,3,1,55,1,0
65541,7,0,980,0,0
84655,9,1,379,1,1
73798,9,0,974,1,1
5515,2,1,168,1,0
36259,9,0,409,0,1
44025,6,0,508,1,0
6051,8,0,537,0,0
87488,3,1,643,0,1
8107,7,1,837,1,1
41932,2,0,102,1,0
58696,6,0,886,0,0
30623,2,1,794,0,0
88961,6,1,808,0,1
86840,9,0,806,0,1
15624,9,1,422,1,1
19382,5,1,964,0,0
24030,1,1,775,1,0
177,2,0,478,1,0
20711,5,0,926,0,0
17084,3,1,120,1,0
14160,5,0,915,0,0
83085,0,1,743,0,0
84156,9,1,291,0,1
43403,0,0,488,1,0
59307,2,0,161,1,0
75146,7,0,673,0,0
29387,7,1,78,1,1
93809,3,1,38,1,0
39811,5,0,394,1,0
12054,7,0,441,1,0
73440,6,0,540,1,1
72201,6,1,462,0,0
71620,3,1,612,1,0
87162,8,1,294,1,1
18674,9,0,400,0,0
9284,5,0,636,1,0
19196,2,1,917,1,0
67828,4,0,92,1,0
34116,4,0,767,0,0
11346,4,0,609,1,0
45658,7,0,6,1,0
18481,8,1,681,0,0
36555,8,0,895,0,0
92363,5,1,271,1,1
4118,5,1,620,0,0
11402,8,0,899,0,1
67606,3,1,811,0,0
41257,5,1,559,1,0
55017,3,0,99,1,0
92838,0,1,526,0,0
96746,6,1,194,0,1
83222,9,1,157,0,0
24619,5,1,900,0,1
96909,8,1,666,1,1
87587,6,1,115,0,1
56919,6,1,396,1,1
81010,1,1,770,0,0
71424,8,0,657,1,0
5508,9,0,803,1,0
59479,8,0,522,0,1
25153,5,1,880,1,1
9546,2,1,214,1,0
1022,0,1,745,1,0
98823,3,0,683,0,0
51456,2,0,533,1,0
10889,0,0,15,1,0
97820,2,1,419,0,0
66756,3,0,368,0,0
44128,7,0,638,1,1
64584,8,1,853,1,1
32254,2,0,853,0,0
82970,5,1,213,0,0
2436,9,0,700,1,0
67879,4,1,684,1,0
19129,5,1,992,0,0
59301,3,1,759,0,0
32365,9,1,5,1,1
43972,5,1,231,1,0
46297,6,0,201,0,0
55280,8,1,885,1,1
23810,9,1,402,1,1
29586,6,1,149,1,1
72007,5,1,584,1,1
71995,0,0,492,0,0
64535,1,1,226,0,0
40731,0,0,586,1,0
20203,8,1,819,1,0
64872,9,1,169,1,1
14482,9,0,761,1,0
84391,8,0,792,0,1
3856,6,0,152,1,0
20709,1,1,224,1,0
16578,5,0,504,0,1
39766,3,1,737,0,0
75783,0,0,550,1,0
99197,0,0,44,0,0
71415,4,1,697,0,0
77934,1,0,504,1,1
14253,3,0,955,1,0
76425,0,1,241,0,0
13099,3,1,930,1,1
55418,5,1,843,0,1
914,9,0,351,0,0
76177,3,0,722,0,0
90574,0,0,23,1,1
2543,6,0,636,1,1
76093,1,0,598,0,0
76016,8,1,43,0,1
73419,2,0,466,1,0
17468,7,1,40,0,0
15428,7,0,303,0,0
57042,2,1,681,1,0
91851,3,0,175,1,0
99231,1,0,999,1,0
27406,3,1,532,1,0
85551,8,0,461,0,1
40015,1,1,621,1,0
37319,2,0,193,1,0
80979,3,0,244,0,0
64744,4,1,836,0,0
60379,0,0,280,0,0
53128,6,1,740,1,1
226,9,0,36,0,0
52429,6,0,557,1,1
27732,8,0,898,0,0
65410,3,0,540,1,0
55276,5,0,154,0,1
86166,1,0,23,1,1
44427,3,0,719,1,0
69004,1,1,932,0,1
3897,9,0,91,0,0
47982,4,0,390,1,0
13818,6,0,931,0,0
34660,0,1,359,1,0
76689,9,1,550,1,1
22216,9,0,931,1,0
36344,6,0,228,0,1
1745,9,0,202,1,0
47623,5,1,350,1,1
19356,5,0,821,1,0
53273,7,1,766,1,1
37530,7,0,38,0,0
39382,5,1,733,0,1
63474,2,1,500,1,1
68344,4,0,699,0,0
11794,1,0,43,0,0
56364,4,0,871,1,0
75160,8,0,626,0,1
97516,9,0,772,0,1
57645,0,0,517,0,0
39324,9,0,68,0,0
98045,4,1,740,0,0
13324,5,0,123,0,0
40838,6,0,685,1,0
25250,8,1,336,0,0
63831,5,0,153,1,1
49788,4,0,974,1,0
73609,6,0,779,1,1
8677,0,0,669,0,0
8170,4,1,162,0,0
8766,1,1,214,1,0
57861,3,0,910,1,0
36468,6,0,376,1,0
6883,4,1,920,0,0
42014,5,0,443,0,0
70607,1,1,423,0,0
79126,2,1,538,1,1
67626,6,1,939,0,1
70935,1,0,804,0,0
45865,5,0,935,1,0
20056,4,0,701,0,0
87995,9,1,912,1,1
46340,0,0,634,0,0
37248,9,0,230,1,0
94370,3,1,59,0,0
4857,1,0,96,1,0
19197,3,0,262,0,0
10495,0,0,354,1,0
16341,1,1,312,1,0
27796,7,0,136,0,0
70580,5,1,862,0,1
46263,1,1,795,1,0
19916,5,1,967,0,0
49940,9,0,923,1,0
52953,8,0,473,1,1
25017,6,0,632,0,0
96831,8,1,430,0,1
21666,4,1,937,0,0
75552,6,0,975,1,0
62923,6,1,537,1,1
20906,2,0,854,0,0
75620,6,0,146,1,0
1859,0,0,524,1,0
42049,8,0,87,0,0
92474,9,0,947,1,0
2582,5,0,109,1,0
24542,4,0,423,1,0
33819,6,1,345,0,1
58166,4,0,266,0,0
93601,9,1,734,1,0
2179,4,1,586,0,0
2817,9,0,994,1,1
59776,6,1,494,0,0
28052,9,1,333,1,0
86544,6,1,822,1,1
42560,2,0,413,1,0
90497,2,0,614,1,0
72947,9,0,937,0,1
93707,2,0,649,1,0
89206,5,0,191,1,0
18549,5,1,973,0,1
33636,2,1,933,0,0
64177,2,0,142,1,0
38358,7,1,869,1,1
48402,7,1,73,0,0
28965,6,1,840,1,1
6745,9,1,167,1,1
38100,3,0,168,1,0
26837,3,0,566,1,0
11585,2,0,259,1,0
38665,4,1,439,1,0
25622,2,1,111,1,0
65255,7,0,744,1,1
55268,6,0,673,1,1
52587,2,1,864,0,0
12442,8,0,839,0,0
40906,4,0,531,0,0
48870,8,1,290,1,1
78723,6,1,974,1,0
99885,6,0,562,1,1
75729,5,1,510,0,1
52703,1,0,175,0,1
82074,8,1,302,1,1
26499,5,1,696,0,0
85482,7,0,185,0,1
81344,0,1,339,1,0
76634,4,0,510,1,0
55206,0,1,819,0,0
30778,9,0,310,1,0
76318,7,1,507,0,1
63330,7,1,346,0,0
74155,0,0,81,0,0
56473,8,1,374,1,1
31580,1,0,156,0,0
85330,8,1,787,0,1
68936,0,1,795,1,1
72358,9,0,432,1,1
40086,8,1,500,0,0
24260,3,1,761,1,0
85695,8,0,147,1,0
79211,6,1,481,0,0
65029,5,0,435,1,1
73606,4,0,519,0,0
35011,8,0,669,1,1
87227,1,1,683,1,0
31921,1,1,69,0,0
75139,8,0,606,0,1
60635,2,1,881,1,0
84558,7,0,875,1,1
12275,8,1,888,1,0
54871,7,0,186,0,1
87025,3,0,904,1,0
66458,0,1,682,0,0
17427,3,0,204,1,0
47157,8,0,554,1,1
6250,1,1,13,1,1
4525,2,0,666,1,0
16132,9,0,274,1,1
2298,7,1,298,0,1
60600,5,0,51,0,0
53494,7,0,500,0,1
20179,6,0,369,1,1
36320,4,0,724,0,0
41974,8,0,656,0,1
13959,3,0,357,1,0
50560,5,0,3,1,0
31519,1,0,254,0,0
8805,1,1,475,0,0
42980,1,0,847,0,0
23336,9,0,506,0,0
88055,6,1,256,0,1
85614,1,0,610,0,0
15458,1,0,685,0,0
99813,8,0,150,1,1
95014,6,0,488,0,0
77018,2,0,279,1,0
14696,2,0,59,1,0
33672,6,1,446,1,0
78857,4,1,113,0,0
1379,9,1,836,0,0
63297,5,1,755,1,1
62616,7,1,822,0,1
7183,8,0,569,0,1
17871,0,0,489,1,0
30075,2,0,407,0,0
45748,6,0,367,1,0
48385,5,0,60,1,0
19163,6,1,329,1,0
67742,7,1,728,1,1
90193,5,0,469,0,0
86243,2,0,745,1,0
37699,1,0,567,0,0
52020,6,1,885,0,1
28629,0,1,720,0,0
36054,2,0,63,0,0
27956,3,1,184,1,0
2673,0,0,311,1,0
78444,4,1,793,1,1
35467,9,1,538,1,0
99708,2,0,177,1,0
60874,1,1,575,0,0
23852,2,1,429,1,0
55129,7,0,73,0,0
17785,5,1,847,0,0
51793,6,0,167,1,1
56061,5,1,225,0,1
77008,5,0,577,0,1
74632,2,0,581,1,0
82094,7,1,952,1,1
56233,6,1,9,1,1
97525,6,0,236,0,0
61368,5,1,710,1,1
92301,4,1,924,1,0
38343,9,1,685,0,1
57484,7,0,794,1,0
31753,4,0,28,0,0
26757,8,0,808,0,1
40052,8,1,911,1,1
22280,0,1,646,0,0
97532,5,0,27,0,1
78511,6,0,550,1,1
1722,2,1,196,1,0
48856,6,1,203,1,0
40909,6,1,85,0,0
16825,1,1,832,0,0
61496,6,0,30,1,1
51326,0,1,466,1,0
81282,4,1,99,1,0
82665,8,0,899,0,0
29502,6,0,190,1,1
4363,6,1,12,0,1
96623,1,0,603,1,1
46928,7,1,30,0,0
48024,2,1,725,0,0
74282,7,0,38,1,0
93165,2,0,853,0,0
59152,9,1,572,0,1
11764,6,0,294,1,1
35837,1,1,360,1,0
89663,3,1,655,0,1
29473,5,1,914,0,0
36497,8,0,180,0,1
86245,4,1,797,1,0
38809,8,1,112,0,0
61220,4,1,742,0,0
19350,9,0,444,1,1
21272,7,1,21,1,1
11655,0,1,145,1,0
87510,6,1,499,1,0
78717,3,0,146,1,0
53376,4,1,441,0,0
57592,5,1,887,0,0
53102,4,0,421,0,0
89699,0,0,316,1,0
72455,8,1,166,1,1
91348,1,1,652,1,1
24862,8,1,203,0,0
11146,9,0,496,1,1
97099,1,0,756,1,0
28869,8,1,625,1,1
53402,5,0,468,0,1
23250,8,1,713,1,1
68347,5,1,385,1,1
4953,5,0,314,0,0
94713,1,1,771,1,1
89499,7,0,255,1,1
21892,2,0,959,1,0
59229,6,1,917,0,1
74578,4,0,23,1,1
67398,2,1,905,1,0
32087,0,0,758,0,0
15950,7,1,339,0,0
12212,2,1,493,1,0
24158,1,1,823,0,0
45520,0,0,511,1,0
38990,3,1,366,0,0
66117,7,0,372,1,1
47404,2,0,915,1,0
33021,0,0,830,1,0
1624,3,0,599,0,0
15148,8,0,219,0,0
35211,0,1,475,1,0
38004,1,0,423,1,0
55012,8,1,356,1,1
34108,1,1,460,1,0
160,2,0,503,0,0
74766,6,1,27,0,1
83659,2,1,942,1,0
55437,8,0,802,0,1
13450,5,1,801,0,1
24454,2,0,860,0,0
45286,8,0,223,1,0
28245,0,0,864,1,0
34120,9,1,690,0,1
86223,2,1,148,0,0
75286,0,1,424,1,1
85569,1,1,739,1,0
20681,7,0,351,1,0
89029,6,0,186,0,1
23151,1,1,415,0,0
51574,1,0,806,0,0
91848,8,1,982,1,1
69726,5,0,429,1,0
7060,4,0,41,1,0
35872,9,0,905,1,1
21620,5,0,393,1,0
49581,8,0,703,0,0
36508,6,1,79,0,0
94106,9,1,717,0,1
57234,9,0,896,1,0
20591,8,1,790,0,0
1441,3,0,784,1,0
44723,1,0,544,0,0
90427,7,0,450,0,1
438,3,0,474,1,0
71531,8,1,142,0,1
12354,3,0,251,0,0
51960,7,1,294,0,0
11444,8,0,610,0,0
1850,8,0,136,0,0
54856,9,1,484,0,1
68057,3,0,789,0,0
58153,0,0,312,1,0
70955,2,1,814,0,0
15996,8,1,555,1,1
55861,3,1,632,0,0
62652,4,0,732,1,0
77554,6,0,46,1,1
90700,4,1,236,0,0
28035,3,1,48,1,0
37741,1,0,198,1,0
29811,1,0,84,0,0
70442,3,1,543,1,0
12282,9,1,161,0,0
87933,9,1,428,1,1
56376,8,1,71,1,1
19641,7,0,520,1,0
94557,2,0,969,1,0
82410,8,0,898,0,1
44913,4,0,913,0,0
37298,2,1,52,0,0
8920,4,0,45,0,0
24170,9,1,293,0,0
69868,3,0,938,1,1
11222,7,0,812,0,0
80659,4,0,465,1,0
73643,9,1,885,0,1
83541,7,0,550,0,1
41886,8,1,867,0,1
95034,3,1,380,0,0
99904,6,0,743,1,0
6837,1,1,478,0,0
36162,5,0,262,1,0
54337,7,1,580,1,1
51671,6,0,179,0,1
25610,6,1,357,1,1
19526,7,1,419,1,1
37365,6,0,698,0,0
17950,4,0,953,1,0
66250,6,0,201,0,0
87412,9,0,902,0,1
89713,2,1,13,1,1
75010,4,1,443,1,0
52475,6,1,726,1,1
35535,8,1,732,1,1
96543,1,0,286,1,0
57232,3,1,756,1,0
79045,6,0,868,1,0
82150,0,1,258,0,0
95502,1,0,570,0,0
3083,8,0,548,0,0
97341,9,0,840,1,1
20762,6,0,941,1,0
23610,9,0,490,1,0
78287,6,1,498,0,0
41098,5,0,905,0,0
56946,2,1,894,0,0
94171,9,1,705,1,1
6740,2,0,333,0,0
44647,1,1,562,0,0
54720,5,1,975,1,1
15417,3,1,32,0,0
7664,4,0,610,0,0
27445,2,0,43,0,0
94323,5,0,893,1,0
79373,2,0,351,0,0
74959,7,1,334,1,1
80865,8,1,822,1,1
74138,3,1,559,0,1
52493,8,1,270,0,1
66181,6,1,944,1,1
29530,2,1,823,1,0
75632,6,0,413,1,1
27888,0,1,943,1,0
95605,2,1,575,1,0
48643,5,1,19,0,1
14019,3,0,347,1,0
69446,6,1,905,0,1
96222,2,1,613,1,1
40074,0,0,37,0,0
16471,8,1,619,1,1
45184,5,0,92,0,0
29729,7,0,820,0,0
51284,2,1,185,1,0
62016,7,1,728,1,1
74072,1,0,28,0,0
62287,3,1,548,0,0
13084,2,1,372,0,0
33139,9,0,832,1,0
85531,0,0,530,1,0
83791,6,1,345,1,1
58706,9,0,419,1,1
10716,1,1,196,0,0
50172,3,1,78,1,0
24674,8,1,167,1,0
3530,5,1,90,1,1
12776,7,0,264,1,0
10916,1,1,472,1,0
32833,6,0,208,0,0
85780,5,1,724,1,1
2150,8,1,271,0,0
34033,6,0,263,1,0
25051,0,1,506,1,0
32513,7,0,785,1,0
34901,9,0,512,1,0
55719,2,1,854,0,0
33013,1,1,726,0,0
40700,2,1,886,1,0
57875,5,1,576,0,1
90916,2,0,524,0,0
90193,9,1,722,1,1
35500,4,1,312,0,0
4594,5,1,174,0,0
80788,7,1,431,1,1
89531,6,1,768,1,1
74791,7,0,463,0,0
97519,2,1,101,1,0
43101,3,0,16,1,0
67464,5,1,709,1,1
45128,6,1,258,0,0
97759,8,1,896,1,1
37673,0,0,244,1,0
906,7,1,348,0,0
56738,7,0,249,0,0
29857,5,0,105,0,0
34736,3,1,694,0,0
80197,2,0,667,0,0
48380,2,1,287,1,0
24362,5,1,169,0,1
80535,7,0,420,1,1
62311,6,1,47,0,1
54942,0,1,43,1,1
57079,5,0,321,1,1
81570,6,0,818,0,1
38297,6,0,221,0,1
41944,8,0,513,0,0
64854,9,0,712,0,0
34257,4,0,441,0,0
77229,0,1,144,0,0
40142,1,0,890,1,0
61765,3,0,28,1,1
82956,4,1,854,1,0
27476,8,1,850,1,1
55654,0,0,790,1,0
14299,2,0,553,0,0
81512,4,1,844,0,0
51048,2,0,659,1,0
73881,3,0,857,1,0
72850,2,1,690,0,0
66362,3,0,827,0,0
46700,0,1,837,0,0
76998,7,0,930,0,1
62583,3,1,167,1,0
18397,6,1,635,1,0
30548,1,1,586,0,0
26272,1,0,751,0,0
42974,5,1,249,1,0
7757,1,0,775,1,0
84486,5,1,764,1,1
25525,1,1,357,0,0
26785,3,1,111,1,0
24678,6,0,692,0,0
28931,7,0,700,0,0
8006,2,1,820,0,0
61513,8,0,719,1,1
54128,1,0,234,1,0
7387,7,0,24,0,1
33760,7,1,26,1,1
75858,3,0,381,0,0
60604,0,1,730,1,0
59820,0,1,346,0,0
34801,1,1,378,0,0
83400,8,0,522,1,1
17774,1,1,17,1,0
83660,1,0,245,0,0
23974,5,0,718,1,0
43742,6,1,770,0,0
97920,6,1,624,0,0
65260,8,1,717,0,1
17702,5,0,539,0,0
88901,7,0,969,0,0
26031,5,1,583,0,1
94477,1,1,688,0,0
29292,0,0,202,0,0
46642,4,0,248,1,0
42620,8,1,118,1,1
64872,7,0,9,0,0
58862,3,0,598,0,0
50206,4,0,23,0,0
81221,4,0,967,1,0
25659,5,0,240,0,0
33842,2,0,585,0,0
69769,4,1,27,0,1
80299,1,0,984,1,0
21854,9,1,861,1,1
4072,0,1,81,1,0
70931,0,0,596,0,0
41973,9,1,199,0,1
94761,6,1,555,1,1
10003,1,1,775,0,0
3120,3,0,92,1,0
41855,4,1,851,1,0
86056,6,0,959,0,0
87088,1,1,84,0,0
45748,5,1,300,0,0
9616,0,1,935,0,0
2496,6,1,296,1,0
84182,8,0,647,1,1
19229,4,1,454,1,0
1691,4,1,281,1,0
11403,3,0,59,1,0
30661,2,0,909,1,0
71819,8,0,871,0,1
92208,4,1,342,1,0
99716,7,0,753,0,1
86331,8,0,465,0,1
7414,4,0,880,1,0
19723,9,0,342,1,1
67775,8,0,610,0,0
96926,1,0,62,0,0
65182,8,1,776,1,1
83724,3,0,625,1,1
33230,5,1,429,0,0
51856,5,0,658,1,1
97724,5,0,728,1,1
26392,1,0,256,1,0
86306,6,1,828,1,1
69374,5,0,828,1,1
2569,0,0,874,0,0
54047,1,0,770,1,0
22634,6,0,706,1,0
63720,0,1,347,0,0
48974,0,1,526,0,0
49808,0,1,304,1,0
74653,7,1,615,1,1
68444,3,1,245,0,0
49238,3,0,757,1,0
54402,1,0,824,1,0
47738,0,0,780,1,0
78349,9,1,736,0,0
2819,8,0,732,1,0
22990,6,1,823,1,1
77336,3,0,412,0,0
36609,5,1,878,1,0
42634,1,0,217,1,0
92341,6,0,516,1,1
18887,1,0,474,1,0
48945,9,0,36,0,0
58032,7,1,178,0,1
92224,7,0,387,1,1
91759,0,0,769,1,0
33162,7,0,17,1,0
75813,1,1,711,1,1
87363,5,0,830,0,1
95856,0,0,48,0,0
60561,4,0,62,0,0
75518,6,0,69,1,1
66772,9,0,659,1,1
34932,0,1,871,1,0
32066,1,1,366,0,0
72645,6,1,162,0,0
13087,5,0,739,0,0
37411,2,1,945,0,0
31675,9,0,976,0,0
63952,1,0,488,1,1
1107,9,0,431,1,0
71081,3,0,999,1,0
76342,2,1,859,0,0
47617,6,1,489,1,0
29357,7,1,230,1,1
87372,1,0,370,0,0
42307,9,1,178,0,0
13381,6,1,857,0,0
61346,7,0,410,1,1
1535,5,1,568,0,0
98975,5,0,590,1,1
91457,9,1,270,1,1
26760,0,1,206,0,0
5184,3,1,793,1,0
82297,0,0,740,0,0
13607,3,1,900,0,0
72695,1,1,751,1,1
83907,4,1,975,1,0
45639,9,1,800,1,1
7591,8,0,82,0,0
50292,9,0,846,1,1
80495,2,1,762,0,0
63988,7,1,193,0,1
73709,2,1,618,1,0
9177,5,0,189,1,0
21053,3,1,276,1,0
77019,7,1,74,1,1
67989,5,0,10,0,1
23921,7,0,635,1,1
37667,0,0,216,0,0
24960,5,1,290,1,1
21295,0,0,445,1,0
77575,0,0,988,1,0
90974,7,1,923,0,0
87366,6,0,552,1,1
21527,2,1,193,0,0
27183,5,1,639,1,1
87146,8,0,289,1,1
57472,6,1,964,0,1
44164,2,0,583,0,0
7913,5,0,649,1,0
31698,3,0,144,1,0
93206,2,1,389,0,0
27182,8,0,866,1,0
29341,9,1,892,0,0
96314,1,1,407,1,1
44669,0,1,811,0,0
11845,1,0,370,0,0
26129,6,1,857,0,0
13125,9,1,441,0,0
14388,0,0,947,0,0
89286,5,0,781,1,1
6640,6,1,896,1,0
97868,8,1,920,1,1
82058,7,0,651,1,0
68978,5,1,564,1,1
41946,2,1,529,1,0
76032,7,1,677,1,1
17582,6,1,13,1,1
23511,2,0,702,1,0
51075,8,1,987,0,1
60645,1,0,340,0,0
78897,2,1,865,1,0
52407,1,0,874,0,0
3193,0,1,864,1,0
77358,3,0,776,0,0
22142,4,1,312,0,0
53030,5,0,733,0,1
44513,4,1,104,1,0
93723,0,1,339,1,0
97983,2,0,198,1,0
33856,0,0,300,1,0
53368,4,0,444,0,0
39314,4,0,359,1,0
81971,5,0,368,0,1
28702,7,1,169,1,0
53431,9,0,149,0,0
49001,0,0,761,0,0
63516,3,1,768,0,0
32296,9,0,982,0,0
5726,0,0,42,1,0
7524,8,0,202,1,0
12957,6,1,970,0,1
20082,6,0,244,1,0
77061,4,1,669,1,0
2080,6,1,464,0,0
48390,1,0,449,1,0
26531,3,1,913,1,0
85076,6,0,798,1,1
82811,2,0,794,0,0
26485,1,0,437,1,0
38258,9,0,893,0,0
23119,1,0,750,0,0
18739,0,1,531,0,0
85630,4,1,565,1,1
21663,5,1,597,1,1
39441,5,1,273,1,0
5876,8,0,430,0,0
36544,3,0,872,1,0
69016,0,1,213,0,0
8811,5,0,949,1,0
74418,4,1,873,0,0
83070,9,1,104,1,1
85653,5,1,192,1,0
30807,2,1,941,1,0
39210,1,0,689,0,0
61888,5,0,659,0,0
82979,0,1,380,1,1
38927,6,1,967,0,1
5755,6,1,81,0,0
44959,9,1,705,0,1
53725,6,1,549,1,1
52198,9,0,377,1,1
15351,0,1,838,1,0
626,3,1,154,0,0
68860,6,0,642,1,1
47937,8,0,571,0,0
11636,4,0,736,0,0
28641,1,0,761,1,0
79183,6,0,240,1,1
51127,9,0,374,1,1
34631,0,0,901,0,0
8812,6,0,805,0,0
65555,5,0,799,1,1
74844,6,1,204,0,0
5209,9,0,611,1,0
49368,2,1,350,1,0
54715,2,1,688,1,0
82603,6,1,774,1,1
29859,1,1,783,1,0
85808,0,1,143,1,0
60212,8,1,189,0,0
26689,8,1,272,0,0
30115,6,1,532,1,0
29109,6,0,845,1,0
83409,2,1,300,0,0
62146,9,1,426,0,1
26243,1,1,46,1,0
6254,6,1,95,1,1
21904,8,0,930,0,0
41788,0,1,64,1,0
64388,3,0,413,0,0
51295,5,0,643,1,1
20681,6,1,9,0,1
52748,9,1,459,1,1
30187,6,0,715,1,1
50030,9,1,409,1,1
33081,1,1,470,0,0
69398,3,0,810,1,0
46267,4,0,506,0,0
75404,0,1,686,0,0
43508,0,1,73,0,0
39599,9,1,84,0,0
52369,2,0,59,1,0
38659,9,1,21,1,1
74419,2,0,458,1,0
95417,7,0,918,0,1
96447,8,1,157,1,1
48887,0,0,831,0,0
35588,1,1,329,0,0
74541,9,1,573,0,1
74763,1,0,576,1,1
22531,3,1,837,0,0
61781,1,0,680,1,0
63583,6,0,203,1,0
49253,8,1,641,1,0
6468,6,1,757,0,0
27524,5,1,106,1,0
45104,9,1,833,0,0
83969,0,0,122,0,0
88752,9,0,318,0,1
57085,8,0,182,0,0
50169,4,1,615,1,1
52426,4,0,316,1,0
81161,5,0,814,1,0
23498,8,1,773,1,1
98493,7,1,625,0,0
50961,7,1,406,0,1
75997,7,0,986,0,1
82005,0,1,949,0,0
68677,0,0,70,1,0
65741,7,0,160,1,0
9178,4,0,240,0,0
25103,8,0,523,0,1
62868,1,0,138,0,0
51147,8,1,495,0,1
71726,7,0,679,1,1
57760,8,1,247,0,1
49886,3,0,866,1,0
2025,0,0,543,1,0
84076,0,1,524,0,0
26115,4,0,243,0,0
33420,1,0,620,1,0
64981,7,1,336,1,1
90927,9,1,422,0,1
26389,4,0,835,1,0
3489,4,0,194,0,0
25783,1,0,308,0,0
13729,6,1,645,1,1
61650,7,0,907,1,1
24926,9,1,506,0,0
26730,0,1,281,0,0
98862,1,0,803,1,0
46263,9,1,675,1,0
98611,3,0,790,1,0
66535,4,0,933,1,0
11753,1,1,982,0,0
28061,0,1,439,0,0
82041,8,1,715,0,1
74237,0,1,608,1,0
33762,3,1,483,1,0
98918,1,1,223,0,0
56546,3,0,749,1,0
21388,7,0,117,1,1
95181,7,0,968,1,0
36977,8,1,192,1,1
15413,4,1,788,1,0
80985,6,1,618,1,1
72815,2,0,994,0,0
10426,9,0,516,0,0
1660,3,1,530,0,0
79248,9,1,307,0,0
83286,8,1,964,1,1
26845,9,1,532,0,1
31990,9,0,122,0,0
20122,0,0,649,0,0
52679,1,0,592,0,0
70416,4,1,154,1,0
83947,2,0,870,1,0
28480,1,1,537,0,0
2456,0,1,452,0,0
70426,9,1,169,1,1
92547,2,0,59,1,0
89999,0,0,301,0,0
20149,0,1,553,1,0
75817,0,0,550,1,0
16182,7,1,117,0,0
761,2,1,787,1,0
37512,0,1,782,0,0
3020,6,0,127,0,0
91294,9,0,405,1,1
60415,2,1,399,1,0
79661,7,0,515,1,1
9046,3,0,805,1,0
94342,3,0,885,1,0
45600,4,0,498,1,0
16409,5,1,942,0,0
55330,6,0,528,1,1
98756,3,1,398,0,0
30127,7,1,265,1,0
72641,5,0,751,1,0
59421,0,1,263,1,0
1056,0,1,398,1,0
74231,8,0,646,1,1
48008,9,1,725,0,0
78439,5,1,527,0,1
26063,9,0,436,0,0
39543,7,0,840,1,0
99359,6,0,930,1,1
39163,5,0,360,1,0
80918,3,0,129,0,0
4803,6,1,864,0,0
65228,8,1,634,1,1
72199,9,0,241,0,0
25949,9,0,627,1,0
31960,6,1,709,1,0
31685,0,0,222,0,0
22115,9,0,214,0,0
77639,8,1,916,0,1
43685,3,1,592,0,0
27058,2,1,775,1,0
26117,3,0,135,1,0
76807,3,1,818,0,0
45450,9,0,754,0,0
12301,1,1,386,0,0
29526,0,0,303,0,0
17878,9,0,782,1,0
45341,0,0,287,1,0
42329,7,1,562,1,0
86752,1,1,189,1,1
48464,9,1,297,1,1
98933,4,0,526,1,0
84978,3,1,389,1,0
57156,7,1,459,0,0
27590,1,0,744,1,0
20075,9,0,261,0,0
26823,8,1,704,0,0
23379,6,1,925,0,0
78401,6,1,715,1,1
11661,0,0,773,1,0
66161,1,1,113,1,0
88497,3,0,886,1,0
49253,3,0,864,0,0
33242,2,1,36,1,0
27016,6,1,79,0,0
64424,7,0,275,1,0
45065,1,0,960,1,0
4748,3,1,278,0,0
35233,2,1,674,0,0
50777,1,1,312,0,1
96159,5,0,529,1,1
94688,3,0,204,1,1
98417,5,1,985,0,1
70235,1,0,952,1,0
35146,3,0,17,0,0
47164,5,1,714,1,0
69450,4,0,476,0,0
45993,2,1,511,0,0
61372,7,1,210,1,1
92252,6,0,499,0,1
67749,2,0,402,1,0
64774,5,1,429,1,1
13860,3,0,992,0,0
22027,4,1,78,0,0
86575,4,0,568,1,0
61467,6,0,80,1,1
98055,4,0,306,0,1
12688,2,1,58,0,0
52333,9,0,530,0,0
44838,4,1,208,1,0
33497,6,1,511,1,0
82289,4,1,977,1,0
76467,4,0,135,0,0
71360,8,1,844,0,1
76719,2,1,994,1,1
19916,5,0,522,1,0
42340,0,1,581,0,0
6376,9,1,853,1,0
79630,4,0,899,0,0
23599,7,1,83,0,0
88676,4,0,621,0,0
82595,8,1,44,1,1
71735,5,1,483,1,1
85212,7,0,966,0,1
36046,9,1,910,0,1
55304,7,1,644,1,1
51986,2,1,493,0,0
71752,6,0,499,1,1
15663,6,0,18,1,0
92424,9,0,605,1,1
92564,5,0,995,0,0
9947,6,0,948,0,0
26255,1,1,294,0,0
79771,8,0,976,0,1
83410,9,0,148,1,0
67378,9,0,472,0,0
18409,0,1,995,1,0
719,0,1,172,0,0
83294,2,0,563,0,0
50208,2,1,531,0,0
34807,0,1,120,0,0
20437,6,1,836,0,1
81637,3,1,737,1,0
66604,9,0,66,0,0
47714,1,0,141,0,0
91528,9,1,446,0,1
91255,4,1,506,0,0
381,5,1,189,0,0
27520,8,1,158,1,1
80996,3,0,610,0,0
39130,1,1,670,1,0
1158,4,0,947,0,0
86313,2,1,246,1,0
76360,1,0,856,0,0
28504,0,1,944,0,0
29956,9,0,748,1,0
9300,1,0,33,0,0
64278,5,0,361,1,1
34097,7,1,753,0,1
25711,2,0,330,1,0
41335,8,1,512,1,0
35157,8,0,850,1,1
1339,1,0,787,0,0
65761,7,1,71,1,1
45372,9,0,313,0,0
89493,4,1,915,1,1
61312,3,1,728,1,0
15498,9,1,79,1,0
56603,4,1,169,0,0
6738,3,0,810,0,0
6670,7,0,983,0,0
68885,3,1,180,1,1
9210,9,0,628,0,0
79241,5,0,260,0,1
12215,1,1,486,1,0
39162,4,0,772,1,0
23011,5,1,5,0,0
32656,4,0,297,0,0
78231,1,0,620,0,0
2069,6,1,855,1,0
43853,3,0,360,1,0
82911,7,0,117,1,1
4570,6,1,357,1,1
10325,6,0,957,1,0
23296,8,1,843,0,1
13769,0,0,439,0,0
37480,9,1,331,0,0
48420,5,1,525,1,0
47514,5,1,654,1,1
15677,5,1,188,0,0
88109,5,1,968,0,1
55509,9,0,281,0,1
28725,6,0,511,1,0
81140,9,1,466,1,1
24189,5,0,115,1,1
36587,0,1,940,1,0
65938,2,0,236,1,1
97099,1,0,338,0,0
94895,5,1,522,0,1
50238,7,1,199,1,1
42923,2,0,764,1,0
37308,9,0,50,0,0
54161,7,1,940,1,1
30759,7,0,142,1,1
31990,4,0,783,0,0
79234,7,1,528,1,1
47155,5,0,514,1,0
19608,4,1,670,0,0
42387,8,1,30,1,0
79016,6,1,82,1,1
27084,7,0,31,0,0
8225,0,0,748,0,0
36159,1,1,333,1,0
69669,7,1,660,0,1
17187,8,0,177,0,0
5804,3,0,370,1,0
60676,9,0,547,0,0
73484,9,1,535,1,1
87228,8,1,106,0,1
72560,3,0,97,0,0
27308,9,0,230,1,0
85250,9,0,227,1,1
66124,9,1,371,1,1
39982,8,1,100,0,0
26023,6,0,445,1,0
29265,1,0,468,1,0
67303,8,1,55,0,1
91849,3,1,195,0,1
4214,7,0,520,0,0
65065,6,0,424,1,1
36421,6,0,315,0,0
73397,7,1,128,0,1
96752,0,0,32,1,0
99404,4,1,93,0,0
25526,1,1,519,0,0
17872,1,0,258,1,0
3812,0,0,853,0,0
1467,4,1,902,1,0
91836,1,0,220,1,0
52024,3,1,752,1,0
3826,2,0,106,1,0
89252,2,0,548,1,0
27823,1,0,416,0,0
9208,5,0,557,1,0
77814,1,1,810,1,0
35743,7,1,309,1,1
31424,7,1,366,1,0
83460,4,0,521,0,0
9027,9,1,459,0,0
93780,6,1,599,0,1
96646,3,1,370,1,0
22543,0,0,331,0,0
80073,1,1,689,0,0
63549,9,0,642,1,1
76843,9,0,707,1,1
60333,3,1,11,0,1
25637,0,0,818,0,0
77676,7,1,507,0,1
22712,8,1,419,0,0
94077,3,1,122,1,0
6571,9,1,911,1,0
35731,2,1,235,1,0
92159,1,0,331,1,0
31448,4,1,543,1,0
64832,2,0,348,0,0
1277,9,1,958,1,1
4860,6,1,412,1,0
32879,5,1,224,0,0
21736,0,0,153,1,0
81989,7,0,212,0,0
53651,1,0,92,1,0
11656,4,0,921,1,0
27698,8,1,331,1,0
11663,7,1,467,0,0
46919,1,0,860,1,0
73870,8,0,641,0,1
91155,4,0,955,1,0
27066,9,1,709,1,0
81809,5,0,970,0,0
59989,2,0,554,0,1
27087,2,1,878,1,0
78814,9,0,930,0,1
58448,7,1,228,1,1
24696,9,1,194,1,0
33274,9,1,530,0,1
64206,1,1,845,0,0
70067,1,1,243,0,0
59282,4,0,389,1,0
93400,5,0,276,0,0
87263,1,1,450,1,0
39410,4,1,639,0,0
56188,6,0,587,0,1
9006,9,0,574,0,0
37014,9,1,478,0,0
45479,7,0,480,0,1
78712,6,0,288,1,0
37750,7,1,698,0,0
46981,8,0,690,0,0
46513,4,0,678,1,0
6112,4,0,695,1,0
50215,9,0,540,1,1
7251,3,1,330,1,0
57816,8,0,470,0,0
93847,4,1,759,0,0
92753,1,0,849,1,0
36478,9,1,534,0,0
42752,7,1,939,1,0
72530,6,0,467,1,1
13567,7,1,977,0,0
31110,2,1,984,0,0
54791,3,1,420,1,0
64257,4,1,608,0,1
12389,5,1,122,1,1
45076,0,0,762,1,0
43696,3,1,891,1,0
23271,9,1,308,1,1
86465,4,0,932,0,0
99690,6,0,924,1,1
44239,4,1,334,1,0
48813,0,0,954,1,0
29834,6,0,420,0,0
72688,7,0,326,1,1
63746,6,0,649,1,1
3754,3,0,789,0,0
89122,7,0,832,1,0
18843,4,1,844,1,0
48468,9,1,573,1,1
90125,8,0,250,1,1
74272,9,0,990,0,0
6541,4,1,95,0,0
24711,0,0,296,0,0
12249,8,1,184,1,1
59289,4,0,260,0,0
21775,5,1,799,0,0
71131,3,1,667,1,0
42768,5,0,186,0,0
13773,7,0,409,0,0
76766,2,0,69,0,0
88304,4,0,838,1,0
80858,1,1,773,1,1
65529,1,0,627,0,0
23769,6,1,859,0,0
34168,9,0,8,1,1
88889,9,1,265,1,0
9535,9,0,783,1,0
94188,5,0,484,1,0
52349,3,1,761,0,0
37484,4,0,617,1,0
82029,0,0,775,0,0
76253,6,0,736,1,1
75488,7,0,840,1,1
31501,8,0,371,1,0
71931,7,1,783,1,1
34184,4,0,677,0,0
55926,2,1,83,0,0
36551,9,0,807,0,0
7327,8,0,646,1,0
32010,5,1,211,0,0
36141,4,1,313,1,0
89020,2,1,604,1,1
65781,5,1,337,0,0
81671,2,1,490,1,0
65581,9,0,403,1,1
68676,5,1,639,0,1
64274,3,1,191,1,1
26260,1,0,671,1,0
17733,7,0,843,0,0
94980,3,1,335,0,0
17114,8,1,522,1,0
80632,6,1,619,0,0
49204,1,0,87,1,0
41721,3,1,579,0,0
77331,4,0,62,1,0
68488,2,0,387,0,0
16114,8,0,146,0,0
92678,4,0,153,1,0
33855,1,1,619,0,0
40490,2,0,660,0,0
23811,8,0,698,1,1
91758,6,1,349,0,1
58093,1,0,854,0,0
74796,8,1,178,0,0
27313,3,0,889,1,0
57884,8,1,847,0,1
7521,1,0,487,1,0
87036,9,0,778,1,0
99173,3,1,661,0,0
17827,4,0,247,1,0
4458,1,0,254,1,0
65208,9,1,500,1,1
94118,0,0,541,1,0
32217,6,0,352,0,0
88800,9,1,512,0,1
32010,0,1,778,0,0
98132,7,1,13,1,1
55854,2,1,559,1,0
62538,9,1,151,0,1
29471,5,0,50,1,1
51601,6,1,215,0,0
61046,9,0,991,1,1
38567,0,1,644,0,0
17725,5,0,372,0,0
33993,6,0,113,0,1
76429,5,1,252,1,1
31107,3,0,963,0,0
91402,0,0,341,1,0
39632,8,1,53,1,1
54353,3,1,130,0,0
12423,6,1,836,0,0
73479,6,1,193,1,1
14310,1,0,591,1,0
16556,0,0,57,0,0
31467,7,0,97,0,0
54724,7,0,198,1,1
10206,6,0,647,0,0
68108,7,0,147,0,0
72340,2,1,684,0,0
64415,1,0,575,0,0
69349,6,0,577,1,1
70687,7,0,295,1,1
10856,0,1,723,0,0
68111,9,1,621,0,1
36478,8,1,794,1,1
4355,3,1,684,1,0
14584,3,0,12,1,0
56649,2,0,918,1,0
34603,5,0,333,1,0
73894,0,1,220,0,0
45213,5,0,398,0,0
74169,1,0,342,1,0
98217,8,0,798,1,1
5349,1,1,512,0,0
19301,6,1,172,1,1
58676,0,1,468,1,1
9786,6,0,748,0,0
53463,4,0,987,0,0
97643,7,0,166,0,0
761,3,0,699,0,0
44943,9,1,170,1,0
95773,6,0,564,0,0
61063,5,1,512,1,1
42928,4,0,831,1,0
48704,3,1,189,1,1
10626,6,0,120,1,0
69010,4,0,105,0,0
25692,4,1,674,1,0
29082,0,1,807,1,0
307,1,0,41,1,0
88833,4,0,889,0,0
99036,2,0,876,0,0
68719,1,1,677,0,1
29428,3,0,321,0,0
46579,3,1,886,0,0
20203,3,0,335,1,0
39991,3,0,160,0,0
10854,2,0,264,1,0
81537,6,0,865,0,0
98640,8,1,530,1,1
73082,4,1,685,0,0
56022,3,0,477,1,0
48331,1,0,352,0,0
29401,1,0,545,1,0
91752,4,1,773,1,1
62811,6,0,210,1,1
41423,9,1,496,1,0
18852,9,1,895,1,1
98012,8,1,842,1,1
82305,6,1,382,0,1
98552,4,0,676,0,0
13495,9,0,481,1,0
86057,9,1,919,1,1
56373,9,0,936,1,1
91978,5,0,5,1,1
4995,2,0,34,1,0
76659,4,1,792,1,0
10799,7,0,145,1,0
65161,0,0,351,0,0
9815,0,0,583,1,0
19269,6,0,465,1,0
16263,4,0,348,0,0
5882,4,0,742,0,0
88277,0,0,125,1,0
84428,8,0,790,0,0
35685,0,0,271,0,0
30782,4,0,357,0,0
47964,9,1,527,1,0
84516,8,0,754,1,1
55214,3,1,498,0,0
38167,7,0,153,1,0
42785,5,1,53,1,0
18173,2,1,149,1,0
36135,3,0,503,0,0
65077,1,1,870,0,1
90473,0,1,450,0,0
83462,7,1,219,0,1
90617,0,0,625,1,0
65550,0,1,800,1,1
10482,3,1,277,1,0
4537,9,0,452,0,0
71071,9,1,428,0,1
64712,5,1,83,1,1
90455,8,1,962,0,0
62029,0,0,218,0,0
97618,6,1,738,1,1
98964,9,0,782,0,0
12429,4,1,527,0,0
25269,7,1,404,1,1
87568,6,1,290,0,1
34694,3,1,420,1,0
77057,3,0,339,1,0
60731,5,1,777,0,0
45133,5,0,711,1,1
63233,8,1,670,0,1
73265,4,0,845,0,0
73961,7,1,987,0,1
52390,4,1,959,0,0
94131,1,0,419,0,0
31850,5,0,909,0,0
95255,8,0,207,0,1
40561,2,0,686,0,0
73900,0,1,696,0,0
78322,0,0,265,1,0
24326,2,0,983,1,0
6821,9,0,758,0,0
56254,4,1,36,0,0
20709,2,1,373,0,0
52230,8,1,488,1,1
73009,7,1,259,1,1
55349,2,0,994,0,0
48995,8,1,531,0,1
94573,5,0,924,0,1
5756,6,1,23,1,1
74620,3,0,104,0,0
63840,3,0,241,1,0
64409,1,0,903,1,0
30084,4,0,873,0,0
73922,7,0,716,1,1
6001,6,1,253,0,1
31652,6,0,142,1,0
91345,5,0,814,1,1
31155,2,0,655,0,0
37785,4,0,451,0,0
74065,0,1,783,1,0
14816,6,1,307,1,1
11238,8,0,984,1,0
35398,0,0,500,0,0
51212,1,0,622,0,0
23529,2,0,8,0,0
50300,2,1,69,0,0
71408,7,1,702,1,0
48344,6,0,691,1,0
17447,5,0,575,1,0
17020,9,0,68,1,0
31922,9,0,718,1,0
46759,3,0,912,0,0
40208,8,1,980,0,1
89199,0,1,408,1,0
8067,1,0,518,1,0
11971,3,1,119,1,0
94399,2,1,825,1,0
77552,0,1,31,1,0
74370,4,0,518,1,0
33713,6,1,483,1,1
28279,1,1,207,1,0
52288,4,0,669,0,0
55199,5,1,579,1,1
35362,6,0,971,1,0
78313,0,1,387,0,0
18368,6,0,412,0,0
77966,3,0,842,1,0
86369,7,1,370,0,1
60645,3,1,353,0,0
92922,5,0,944,1,1
72246,8,0,336,0,1
72066,4,1,891,1,0
40022,3,1,906,1,0
79464,7,1,289,1,1
43013,8,1,996,0,0
97133,3,0,963,0,0
55777,2,0,965,1,0
49941,7,0,140,1,0
46432,4,1,953,0,0
92162,1,1,300,1,0
95794,9,0,13,0,1
25132,8,0,664,0,0
37946,2,0,428,0,0
59574,1,0,825,0,0
45036,0,0,864,0,0
29894,7,0,400,0,0
61688,2,1,992,1,0
71084,6,0,109,1,1
50431,0,0,485,0,0
94497,0,0,888,0,0
28241,8,0,356,1,1
9174,7,0,149,1,0
6506,2,0,879,1,0
97459,5,0,716,1,1
23391,2,1,307,1,0
41668,3,0,533,1,0
97639,0,1,60,1,1
46951,4,1,435,1,0
54923,0,1,21,0,0
23412,0,0,875,1,0
43208,9,0,382,0,0
67018,6,0,245,1,1
34271,5,0,902,1,0
41879,1,0,73,1,0
68928,1,0,449,1,0
98823,6,0,76,1,1
12511,0,0,698,0,0
57109,1,0,590,1,0
15522,7,0,390,0,0
42568,5,1,577,0,0
32471,1,0,342,1,0
57122,6,0,290,0,1
71329,3,0,568,1,0
99171,1,1,331,1,1
51296,5,0,259,1,0
80454,8,0,426,0,1
96874,8,1,702,1,1
96510,7,0,6,0,1
26815,2,1,6,1,1
27705,2,1,191,1,0
99953,1,1,148,0,0
31274,4,1,405,0,0
10056,3,0,258,0,0
76473,6,1,730,0,1
69352,3,1,479,0,0
62049,8,0,90,0,1
62746,1,0,824,1,0
70117,5,0,864,0,1
63137,6,1,10,1,1
89918,3,0,87,1,0
6648,5,1,762,1,0
73394,6,1,838,1,0
23277,3,0,151,1,0
24122,7,0,988,0,0
5642,8,0,625,1,0
91112,0,0,30,1,0
96420,6,0,128,1,1
60528,8,0,78,0,1
22840,9,1,421,0,0
59453,4,1,55,0,0
90453,1,0,480,0,0
56632,9,1,305,1,1
16152,5,1,546,0,0
47176,6,1,105,1,0
53520,1,1,172,0,0
771,1,1,499,0,0
263,9,1,22,0,1
41524,9,0,287,0,0
53844,0,0,391,1,0
70431,3,0,617,0,0
10734,6,1,149,1,0
4898,8,0,272,1,1
22520,2,0,788,1,0
29400,6,0,299,1,1
89981,6,1,172,1,1
10849,6,0,47,1,1
25221,1,1,626,1,0
37587,5,0,787,0,0
94047,1,0,816,1,0
33461,5,0,992,0,0
21323,9,1,207,0,1
73030,2,1,453,1,0
14156,1,1,395,1,0
28480,5,1,975,0,1
26135,1,1,925,0,0
30720,4,0,754,1,0
19977,1,0,301,1,0
55416,2,1,708,0,0
64141,2,1,676,0,1
53452,5,0,176,1,1
31011,5,1,855,0,0
32884,9,0,783,0,0
3291,2,1,110,1,0
33260,2,0,684,0,0
90636,0,1,963,1,0
64741,6,1,864,1,1
49823,7,0,202,1,1
3731,1,0,168,0,0
6272,3,1,614,1,0
42180,9,1,86,0,1
89197,6,0,654,1,1
90453,7,1,959,1,1
20381,0,0,849,0,0
28771,3,0,725,0,0
51531,5,1,51,0,1
91000,2,0,112,1,0
93061,4,0,463,0,0
28702,9,1,442,1,1
88889,8,0,271,0,0
51499,2,0,577,1,0
23572,4,0,344,1,0
49330,7,0,183,1,0
73716,5,1,503,1,1
7199,3,0,844,0,0
25531,7,1,10,0,1
56592,2,0,494,1,0
96822,2,1,234,1,0
47784,3,0,298,0,0
30211,8,1,244,0,0
64036,4,0,509,0,0
22714,7,0,351,0,0
92360,5,0,267,0,1
42091,2,0,630,0,0
70576,7,1,656,1,1
61020,8,1,893,0,0
94394,7,0,201,0,0
63630,3,1,239,1,0
36324,5,0,334,0,0
7888,0,0,915,0,0
28182,3,1,415,0,0
89670,7,1,969,1,1
76916,0,1,484,0,0
83688,2,0,437,1,0
16631,0,0,999,0,0
88440,8,1,246,1,1
94539,1,0,858,0,0
44957,8,1,8,0,1
10242,3,1,152,0,0
48455,1,1,392,1,0
9966,3,1,211,0,0
70167,9,1,367,0,1
64127,5,1,944,1,1
58006,6,0,670,1,1
28238,2,0,570,1,0
92701,2,1,86,0,0
30056,9,1,55,1,0
76395,7,1,713,0,1
5539,4,0,634,1,0
47341,3,1,446,1,0
42633,6,1,620,0,0
28370,6,1,304,0,0
78915,8,0,132,0,0
39379,8,1,421,0,0
23988,4,0,904,1,0
17730,7,0,385,1,0
61163,9,1,988,1,1
35244,0,0,198,0,0
52261,8,0,47,0,1
96818,7,0,740,1,1
91174,5,1,757,1,1
77460,2,0,203,0,0
51079,2,1,261,1,0
97761,7,1,690,1,1
7079,4,1,24,1,0
26289,9,0,687,0,1
42700,6,1,786,1,0
59660,4,0,340,0,0
78140,7,0,412,1,0
61658,9,0,973,0,0
86305,9,0,261,1,1
7010,3,1,286,1,0
57813,1,1,513,1,0
46957,2,0,86,0,0
35064,7,1,850,1,1
85767,6,1,430,1,1
25327,1,1,581,0,0
6078,5,0,31,0,0
87627,8,1,710,1,1
17253,3,0,603,1,0
59865,8,1,440,1,1
99184,1,0,985,1,0
39171,1,0,349,1,0
69619,8,0,895,0,1
9603,6,1,412,1,0
60803,6,0,528,0,0
64479,0,1,310,0,0
95557,5,0,949,1,0
57966,6,1,396,0,1
17005,5,0,788,1,1
45938,5,1,338,0,1
58379,1,0,674,0,0
89589,5,0,437,1,1
26906,3,0,704,1,0
45100,8,1,663,0,0
22268,0,0,365,1,0
70219,7,0,923,1,0
38814,4,0,113,0,0
54193,0,0,785,0,0
55519,3,1,176,0,0
49245,0,0,149,1,0
77525,5,0,178,1,1
93049,1,1,936,1,0
77911,4,1,382,0,0
2561,6,1,223,1,0
14391,1,0,259,0,0
46904,5,1,785,0,0
77071,5,1,189,0,0
93571,4,1,306,0,0
65046,4,0,378,0,0
99089,2,0,602,0,0
84180,9,0,343,0,1
61432,9,1,774,1,1
77894,1,0,156,0,0
30941,6,1,712,1,1
48858,0,1,55,1,0
76372,5,1,766,1,1
37743,5,0,442,1,0
50508,2,1,685,1,0
44050,1,1,200,0,0
56949,1,0,403,1,0
28144,8,1,614,1,1
16097,4,1,797,1,0
79851,6,1,663,0,1
98705,4,0,623,1,0
24011,6,1,928,1,0
55633,3,0,778,1,0
82666,7,0,603,1,1
94970,9,1,177,0,1
14671,9,1,449,1,0
94563,6,1,743,0,1
58041,9,1,541,0,1
58105,4,0,955,1,0
86350,5,0,301,1,1
58812,4,1,707,0,0
43641,6,0,307,1,1
23487,1,1,751,1,0
94080,4,1,869,1,1
49008,9,1,991,0,0
85557,2,1,896,0,0
13157,8,0,267,1,0
64128,5,0,214,1,1
55831,9,1,594,0,1
24958,2,1,640,0,0
48789,6,0,483,0,0
44738,3,0,262,0,0
91698,2,0,67,0,0
46586,7,1,574,0,1
20667,3,0,133,0,0
29839,0,1,649,1,0
57904,5,1,540,0,0
3854,9,0,512,0,0
27144,0,1,211,1,0
67360,4,0,988,1,0
67012,6,1,987,1,1
8806,5,1,717,0,1
8994,1,1,253,0,0
18137,3,1,38,1,0
84086,1,1,43,1,1
82042,0,1,629,1,0
51712,2,0,405,0,0
29825,2,0,987,1,0
6026,6,1,702,0,0
9596,0,0,46,0,0
56547,8,1,454,0,0
29906,5,0,678,0,0
88299,3,0,305,1,1
41421,2,1,715,1,0
65195,2,0,233,1,0
22756,1,1,245,0,0
55247,1,0,721,1,0
91496,9,1,760,0,1
49766,4,0,295,0,0
82468,8,1,839,0,1
38887,1,0,383,1,0
63046,1,1,158,0,0
21827,5,0,405,0,0
95181,9,1,1,1,1
68156,1,0,217,1,0
3181,3,1,928,1,0
34296,5,0,507,0,0
36835,4,1,761,0,0
80202,0,1,904,1,0
79678,5,1,581,0,0
25598,0,1,30,0,0
76965,2,0,627,1,0
31756,9,0,520,1,1
67795,4,0,881,1,0
38000,9,1,275,1,1
84999,4,1,492,1,1
47801,9,1,827,1,1
19133,5,1,951,1,0
10905,9,1,926,1,0
35951,7,0,847,0,1
26932,4,0,36,0,0
63537,0,0,311,0,0
14044,4,1,44,0,0
19973,2,1,155,0,0
40472,3,1,77,0,0
89564,7,1,590,0,0
15479,6,1,613,0,1
36851,4,1,438,0,0
89922,1,1,432,0,0
5210,5,0,542,0,0
54441,5,0,39,1,1
12187,9,1,239,0,1
23862,9,1,13,1,1
82717,5,1,122,0,0
9696,8,0,144,1,1
18413,7,0,684,0,0
66649,7,1,455,1,1
23805,0,0,368,0,0
67464,4,0,759,1,0
73545,6,0,247,0,1
78745,5,1,923,1,1
2123,4,0,45,0,0
59896,7,0,765,1,1
80173,2,1,375,1,0
92297,5,1,291,1,1
64529,4,0,207,1,0
61727,7,1,924,1,1
33948,3,0,995,1,0
37904,7,0,519,1,0
15479,9,1,958,1,0
59764,1,1,242,0,0
27866,8,0,622,0,0
68199,8,1,114,0,1
36160,9,1,819,1,0
94833,9,0,302,1,1
69222,5,0,276,0,1
16187,3,0,96,0,0
48968,3,0,294,1,0
23325,5,0,701,1,0
95386,4,0,360,0,0
6743,5,1,288,1,0
93159,6,1,154,0,1
36827,6,0,570,1,0
11105,8,1,423,0,0
65797,7,1,916,0,1
16129,5,0,850,1,0
14326,5,1,50,0,0
63746,4,1,207,1,0
60703,0,0,564,1,0
28831,8,1,854,1,1
69026,8,1,883,1,1
6097,8,0,662,1,1
55606,7,1,565,0,1
78329,9,1,213,1,1
49915,2,1,66,1,0
42192,0,0,232,0,0
62639,7,0,885,1,1
66177,6,1,811,0,1
21917,4,1,850,1,0
37961,9,0,663,0,0
13528,6,0,717,1,0
44034,9,1,320,1,1
10358,3,0,767,1,0
57875,8,1,137,1,1
81680,9,1,881,1,1
95047,1,0,647,0,0
5569,8,0,937,0,0
28954,8,1,566,1,1
6356,4,1,65,0,0
76356,0,0,514,1,0
34037,6,1,132,1,1
99234,9,0,334,1,1
1751,9,0,32,0,0
50388,3,0,868,1,0
84830,8,0,898,0,0
25151,5,0,872,1,0
27486,2,1,498,1,0
75154,5,0,243,0,0
16284,9,0,192,1,0
33887,5,0,142,0,0
21721,4,0,660,1,0
75664,1,0,601,1,0
78084,9,0,561,1,0
59892,9,0,648,0,0
45353,1,1,988,1,0
34151,6,1,191,0,0
49911,1,1,942,1,0
30547,5,1,149,1,1
84030,4,0,599,0,0
30354,3,1,416,1,0
84145,6,0,520,1,1
57518,7,1,735,0,0
14572,3,1,869,0,0
3571,0,0,16,0,0
95904,0,0,808,1,0
8429,0,1,106,0,0
34965,0,1,283,0,0
46950,4,1,104,1,0
54320,3,1,361,0,0
93908,8,0,658,0,1
6497,2,1,35,1,0
98009,6,1,113,0,0
35625,7,1,308,1,0
53172,5,1,911,0,1
90206,9,1,959,0,0
83920,0,0,53,1,0
84630,7,0,859,0,1
23384,9,0,81,1,0
61430,2,0,616,0,0
83469,7,0,834,0,1
25222,3,1,369,1,0
70653,7,0,242,1,0
82006,0,0,31,0,0
94888,2,1,829,0,0
62912,5,0,704,0,0
8099,8,0,869,1,1
22536,1,0,361,1,0
43063,0,0,233,0,0
2196,9,1,610,0,0
25379,2,1,34,0,0
26301,3,0,243,1,0
19815,4,1,951,0,0
29409,2,0,59,1,0
15178,9,1,771,1,0
56714,1,1,529,0,0
5205,1,1,78,1,0
94948,6,1,718,1,1
2939,8,1,302,0,0
69020,9,1,678,0,1
43719,1,1,803,0,0
42921,6,1,897,0,0
13593,6,1,112,0,1
17169,6,1,413,0,1
7631,2,1,900,0,0
37151,6,0,317,1,1
7836,0,1,865,0,0
7810,9,0,145,0,0
67255,0,1,668,0,0
14075,4,0,690,0,0
62524,1,0,858,0,0
45703,8,0,648,0,0
23352,6,1,930,1,0
80897,3,1,827,0,0
1531,3,1,18,1,0
74703,1,1,351,0,0
37581,4,0,955,1,0
92673,3,1,155,1,0
9657,0,1,784,1,0
75071,7,1,506,0,1
262,2,1,778,0,0
34842,5,1,360,0,1
19775,3,1,332,0,0
74097,8,1,918,0,1
17115,6,1,528,0,1
50157,8,0,12,1,1
32691,9,0,75,1,0
93683,2,1,212,1,0
9933,0,1,691,0,0
7996,4,1,641,0,0
33072,2,1,283,1,0
49833,5,0,195,0,0
41900,7,0,780,0,0
96144,3,1,30,0,0
5447,4,0,9,1,0
59163,4,0,309,1,0
95950,3,1,445,0,0
2743,3,1,310,1,0
40885,3,1,677,1,0
18781,3,0,705,0,0
50126,3,0,426,0,0
15992,4,1,817,1,0
47399,1,1,772,1,0
17173,1,0,704,0,0
30782,8,0,591,0,1
97898,1,1,691,0,0
96994,5,0,91,1,1
14389,1,1,456,1,0
8027,4,1,444,0,0
48430,3,0,727,0,0
66807,6,0,79,0,0
77554,6,0,475,0,1
65528,5,1,927,1,1
50701,9,1,103,0,0
77565,4,1,623,0,0
2639,0,1,456,1,0
22769,2,1,990,0,0
71068,8,1,314,1,1
20744,0,0,247,1,0
18845,4,1,234,1,0
28328,1,1,594,0,0
34621,3,1,644,1,0
97339,0,1,235,0,0
27028,2,0,790,1,0
18422,9,1,387,1,1
57814,6,0,847,1,0
87996,9,0,611,0,0
62392,2,1,943,0,0
29155,3,1,38,1,0
42991,1,0,161,0,0
82012,2,0,462,1,1
6688,8,1,944,1,0
90636,2,0,449,1,0
6404,4,1,117,1,0
7445,1,1,241,0,0
29400,3,0,26,1,0
24359,6,1,648,0,1
91106,6,1,562,1,1
88653,2,1,976,1,1
15452,4,0,806,1,0
33465,0,0,906,1,0
19546,9,0,298,1,0
2436,9,1,805,0,0
62132,9,0,154,0,1
75515,0,0,732,1,0
97952,4,0,652,0,0
98976,9,1,468,0,0
7621,8,1,49,1,0
71807,0,0,654,1,0
23581,0,0,46,1,0
18574,3,0,675,1,0
46860,3,1,285,0,0
55818,1,0,780,0,0
44729,8,1,628,0,0
45332,8,1,82,0,0
86644,1,1,44,1,0
67269,8,0,706,1,0
50769,5,0,770,1,1
78121,7,1,955,1,0
69284,9,1,273,0,1
48045,3,1,394,0,0
13240,1,1,786,1,0
83557,1,0,790,0,0
14457,8,0,595,0,0
68773,0,1,58,1,0
65733,6,1,565,0,1
77043,2,1,1,1,1
96211,2,0,216,0,0
78358,1,1,317,0,0
13024,9,0,228,1,0
69386,5,1,473,1,1
93369,9,0,484,1,0
74171,1,0,766,0,0
57426,9,1,671,1,1
90123,3,0,287,0,0
30751,9,0,511,1,0
70302,8,0,578,0,1
48877,8,0,915,1,0
17094,5,1,821,1,1
67363,3,1,972,0,0
59734,6,1,458,0,1
10900,0,1,95,1,0
37923,3,1,493,0,0
63978,4,0,765,1,0
18808,7,0,150,0,0
12919,1,0,23,0,0
75005,4,0,756,1,0
63970,5,1,215,1,1
9383,4,1,399,0,0
30673,8,0,410,0,0
78807,9,1,131,0,1
31033,0,0,855,0,0
5874,2,0,148,1,0
72155,1,1,381,1,0
11083,2,1,109,0,0
96568,9,1,552,1,1
96434,8,1,121,0,0
18233,8,1,295,0,0
15039,9,1,120,0,0
881,1,1,456,1,0
56800,2,0,530,0,0
27724,3,1,169,1,0
6923,8,0,710,1,0
18589,2,0,923,0,0
40061,6,1,996,1,1
29218,2,0,143,0,0
81916,6,1,37,0,1
22363,6,0,698,1,1
13665,8,0,261,0,0
20454,1,0,231,1,0
43051,5,1,254,1,1
91279,8,0,329,1,1
23748,1,0,903,0,0
50829,1,0,297,1,0
42071,4,1,980,0,0
18758,9,0,10,0,1
21353,9,1,446,1,1
64266,9,0,922,1,1
48663,7,0,836,0,0
26490,8,0,230,1,0
88764,1,1,536,1,0
51678,4,0,78,1,0
79125,6,0,425,0,0
32758,5,0,193,1,0
6952,5,0,401,0,0
95086,6,1,109,0,0
2651,2,0,792,1,0
72047,2,0,923,1,0
61101,9,0,263,0,1
49259,8,0,329,0,0
51807,7,1,363,1,1
33343,4,0,867,0,0
21900,5,0,378,1,0
76039,9,1,780,0,1
57928,0,0,341,1,0
7339,9,0,259,0,0
6810,0,0,335,1,0
21484,3,1,85,1,0
21138,1,0,522,0,0
40946,6,1,801,1,1
88083,1,1,814,0,0
67921,9,1,571,0,0
38091,1,1,308,0,0
79157,4,1,262,0,0
7071,3,1,898,1,0
29239,7,1,797,0,0
85545,3,0,631,0,0
77167,5,0,680,0,0
80357,4,1,865,1,0
84842,1,1,701,0,0
37811,7,1,452,1,1
6630,1,1,251,1,0
11216,8,1,324,0,1
65894,8,1,925,1,1
382,2,0,229,0,0
79573,3,0,702,1,0
1998,7,1,828,1,0
4235,8,1,636,0,1
6729,2,1,596,1,0
85220,4,0,297,0,0
89187,7,1,727,1,1
65131,2,0,237,0,0
33480,6,0,978,0,0
17171,7,0,625,0,0
20174,9,1,217,0,1
90824,2,1,833,1,0
67943,1,0,246,0,0
40001,9,0,448,0,1
11305,6,0,847,0,0
55761,8,0,319,0,0
6006,0,1,994,1,0
2691,2,0,432,0,0
63087,4,1,404,1,1
63470,2,0,886,0,0
80785,0,1,37,0,0
54500,6,0,576,0,1
25250,6,1,731,0,0
31952,9,1,342,0,1
42970,7,1,389,0,0
52856,4,0,34,1,0
56581,9,1,39,1,1
1383,4,0,579,0,0
33791,4,1,209,0,0
1225,0,1,830,0,0
67165,9,0,856,1,1
26270,4,1,152,0,0
8538,5,1,899,1,1
20195,0,0,365,1,0
16254,6,1,199,1,1
8104,0,1,601,1,0
9852,1,1,760,1,0
55526,1,1,835,0,0
26919,4,0,79,1,0
92151,9,1,477,1,1
24317,6,1,434,0,0
88808,0,1,797,0,0
33094,9,1,842,1,1
15136,0,1,32,0,0
77375,0,1,87,0,0
97856,5,1,551,0,0
49516,1,1,393,1,0
9687,0,0,613,1,0
95765,5,0,244,0,1
745,1,0,232,0,0
31030,5,0,910,1,1
81935,9,1,580,1,1
30190,7,1,192,0,1
87589,1,0,916,1,0
52242,8,0,540,1,0
26575,7,0,270,0,0
18988,9,1,940,0,0
43832,0,1,738,1,0
81723,6,0,77,1,0
46405,9,0,735,1,0
46137,5,0,993,0,0
9446,5,0,884,0,0
687,5,0,167,0,0
12863,5,1,284,0,0
59265,9,0,704,1,1
69715,6,1,89,0,1
36216,2,0,544,0,0
85851,5,0,649,1,0
91453,2,1,156,0,0
90401,6,0,250,1,1
95748,6,1,95,0,1
25656,7,1,17,1,1
59142,1,0,117,1,0
18199,8,0,983,1,1
45196,4,1,333,0,0
72086,8,1,823,1,1
13330,9,0,522,0,0
29109,4,1,80,0,0
71069,6,0,646,0,0
33966,8,1,432,0,1
84346,3,0,203,0,0
77075,1,1,116,0,0
41955,8,1,963,1,0
81657,1,0,220,1,0
6516,2,1,253,0,0
72616,9,1,169,0,1
56015,1,1,847,0,0
18158,2,1,316,0,0
76737,5,1,717,0,1
40818,2,1,810,1,0
32702,9,1,372,1,1
74758,7,0,760,0,1
78212,5,1,877,0,1
58167,6,1,977,1,1
27616,0,0,583,0,0
88069,2,1,156,0,0
1189,2,1,614,0,0
37446,1,0,13,1,0
74763,6,1,508,1,1
10587,8,1,465,0,0
255,3,0,783,1,0
67594,4,0,804,1,0
76329,2,1,220,0,0
38647,8,1,15,1,1
28895,3,0,750,1,0
55396,4,1,117,1,1
21547,0,0,331,1,0
36698,1,0,56,1,0
41914,8,0,351,1,0
90851,1,1,132,0,1
75430,4,0,995,0,0
98845,7,0,226,0,1
88060,2,0,308,1,0
63378,5,1,475,0,0
55177,3,1,906,1,0
72006,6,1,222,1,1
9628,9,0,173,0,1
93912,2,1,340,1,0
50200,5,1,797,0,1
8279,9,0,506,1,0
48881,8,0,821,0,0
55367,9,1,157,0,0
82479,0,1,151,0,0
24052,2,0,697,0,0
53898,1,1,178,1,1
98796,7,0,533,0,1
51039,6,0,112,1,1
29616,1,1,683,0,0
56626,5,1,138,0,1
10549,2,1,233,0,0
50390,7,1,332,1,1
86761,9,0,542,0,0
73054,2,1,893,0,0
22846,9,1,307,1,0
68090,8,1,161,0,0
58910,0,0,402,1,0
83397,4,1,590,0,0
15323,2,1,278,0,0
72337,5,0,320,0,1
2697,9,0,533,1,0
65777,1,0,897,0,0
2759,8,0,497,0,0
86616,5,0,363,0,1
74667,6,1,372,1,1
15137,4,0,892,1,0
46838,8,0,655,1,0
71778,0,0,36,1,0
12209,4,0,303,1,0
22110,9,0,438,1,0
8887,5,0,726,0,0
8572,6,0,32,0,0
23483,3,0,186,0,0
61809,0,1,174,0,0
69885,7,1,566,0,1
34618,9,1,673,1,1
54009,3,0,250,1,0
18451,2,0,763,1,0
69724,6,0,935,0,0
53430,1,1,279,1,0
15382,7,0,683,0,0
84966,5,0,695,1,0
21878,6,0,2,0,1
24364,4,1,194,1,1
59775,8,1,166,0,1
5175,4,0,759,1,0
76048,4,1,925,0,0
48554,2,0,756,1,0
28465,0,0,110,0,0
72866,1,1,380,0,0
48300,7,1,835,0,0
11102,0,1,999,0,0
14047,6,1,583,1,0
79322,4,0,676,1,0
94940,2,0,285,1,0
78710,6,1,887,0,1
52242,8,1,421,1,1
56407,1,0,113,0,0
4593,7,0,228,1,0
50185,8,0,471,0,0
34328,2,0,813,1,0
79776,1,1,528,0,1
51975,6,1,496,0,0
31755,4,1,31,1,0
43572,4,0,162,1,0
49537,9,0,818,1,1
49516,4,1,705,0,0
59811,3,1,722,0,0
6916,4,1,378,0,0
77275,3,0,446,1,0
64407,5,1,744,0,1
46833,3,0,427,1,0
95128,1,1,696,0,0
11340,8,1,504,1,1
98334,1,1,527,0,0
92593,8,0,944,0,1
98444,9,0,817,1,0
71463,5,0,721,0,0
32862,8,0,684,0,0
8359,8,0,778,1,0
50239,2,0,532,0,0
14949,0,1,582,1,0
81868,0,0,520,1,1
89809,2,1,941,0,0
54969,4,0,34,0,0
63195,2,1,736,0,0
71010,8,1,691,1,1
86810,8,0,758,0,0
23667,2,1,490,1,0
35392,2,0,772,0,0
74913,4,0,620,0,0
97236,1,0,754,1,0
51731,5,0,423,0,0
9985,6,1,468,0,0
59759,8,0,24,0,1
54406,5,1,216,0,0
66414,2,1,55,0,0
65187,4,1,26,1,1
29265,3,0,281,0,0
59029,4,1,804,1,0
67128,7,0,327,0,1
96098,7,1,970,0,1
49912,5,0,186,1,0
50600,0,0,495,0,0
79251,7,0,12,0,1
58743,7,0,641,1,1
45000,1,1,884,1,0
43046,3,1,434,0,0
7951,1,0,921,1,0
16388,3,1,208,1,0
72792,9,0,133,1,1
67680,6,0,339,1,0
7468,8,1,196,0,0
85536,7,0,262,0,0
96236,8,0,282,1,1
46503,7,0,369,0,0
91270,1,0,103,1,0
9268,6,0,632,0,0
86597,1,1,183,0,0
49979,1,1,423,1,0
59971,3,1,9,1,1
89488,0,0,557,0,0
98746,4,0,244,0,0
32274,5,0,782,0,0
99851,8,0,624,1,1
92591,9,0,567,0,0
6681,7,0,393,1,0
71953,1,1,527,1,0
64146,0,0,37,1,0
49778,1,1,178,0,0
26749,6,0,639,1,0
88768,3,1,629,0,0
82425,9,0,852,1,0
14667,4,1,72,0,0
80504,6,1,352,0,1
90006,2,0,623,1,0
96119,9,0,149,1,1
62044,1,1,697,0,0
78102,6,0,105,0,1
28903,4,0,659,1,0
18330,0,0,221,1,0
17962,0,1,826,0,0
43455,8,0,863,0,0
31359,4,1,374,1,0
99175,0,1,518,0,0
87545,6,0,260,1,1
30895,8,1,299,1,0
8870,0,0,861,1,0
11193,9,0,42,1,0
46671,3,1,771,0,0
293,2,1,897,1,0
17669,4,1,492,1,0
11290,6,1,439,0,0
62924,7,1,783,0,0
42852,1,0,47,1,0
32427,6,1,85,1,1
42170,0,0,686,1,0
86025,6,0,58,1,1
40297,7,1,991,1,0
2361,1,1,711,1,0
94005,8,1,209,0,1
26612,0,1,248,0,0
6816,5,1,211,1,0
86895,0,0,39,0,0
29033,2,0,252,0,0
4478,5,0,643,1,0
40683,2,1,926,0,0
85471,7,1,803,0,1
29133,4,0,762,1,0
24100,1,1,953,1,0
75968,3,1,413,1,0
42704,8,1,946,0,1
68436,3,0,446,1,0
95174,9,1,52,0,1
95755,9,0,374,1,1
73969,7,1,526,1,1
5510,4,1,931,1,0
83475,9,0,156,1,0
56144,0,1,954,0,0
63415,6,1,542,0,1
96155,2,1,90,1,0
71444,9,0,903,0,1
6896,7,1,679,1,1
86816,2,1,351,1,0
54345,0,1,69,0,0
43156,4,1,163,0,0
17809,1,1,242,1,0
58657,3,0,495,1,0
17643,0,0,383,1,0
37518,8,1,52,0,0
94711,5,1,654,1,1
96138,7,0,63,1,0
16824,3,1,509,1,0
3928,8,1,292,1,1
17187,1,1,91,1,0
12705,8,1,664,1,1
31437,4,1,424,0,0
5582,5,1,669,1,1
65433,2,1,821,1,0
92641,3,1,365,0,0
88396,5,0,150,0,1
51052,6,0,840,1,1
5563,0,1,271,0,0
70548,6,1,881,1,1
4748,0,1,581,0,0
33723,4,1,116,0,0
59256,5,0,704,1,1
35734,1,0,516,0,0
44702,9,0,587,1,1
49434,8,0,914,0,0
68748,9,1,810,1,1
22154,5,1,241,0,0
70128,6,1,30,1,1
22307,9,0,143,1,0
80750,7,1,326,1,1
99921,9,1,695,1,1
81654,0,0,949,0,0
21486,7,0,16,1,1
83376,3,0,111,0,0
59618,9,0,872,0,0
52881,7,0,713,1,1
52880,5,1,107,1,1
61540,8,1,379,0,1
44299,3,0,162,0,0
61135,1,1,283,0,0
8310,1,1,269,1,0
44463,4,1,484,1,0
78379,9,1,667,0,1
60448,8,0,73,0,1
55384,2,1,197,0,0
72224,7,1,243,1,1
68947,3,1,598,0,0
22532,5,0,799,0,0
64189,9,1,259,0,1
55498,5,0,798,0,1
99391,2,0,149,1,0
3421,4,0,867,0,0
81448,2,0,390,1,0
37483,0,1,988,1,0
78782,6,0,416,0,1
79290,3,0,426,1,0
52993,6,0,997,0,1
35920,2,0,702,0,0
66362,4,0,217,0,0
3860,4,1,928,0,0
22290,1,0,867,0,0
67511,9,1,86,1,0
23477,1,1,216,1,0
46837,3,0,423,0,0
69669,3,1,320,1,0
38311,3,1,118,0,0
83009,5,1,926,1,1
3844,1,0,959,1,0
25095,5,0,882,0,0
17077,6,0,992,1,0
98038,9,0,415,1,1
34642,2,0,599,1,0
10751,7,0,40,0,0
99339,1,0,161,1,1
79031,7,1,703,1,1
95444,4,1,537,1,1
16815,1,0,420,1,0
44509,6,1,664,1,0
24406,1,0,95,1,0
19186,5,0,442,1,0
14476,9,0,935,1,0
61450,2,1,558,1,1
71525,8,0,973,0,0
36736,2,0,650,1,0
86220,2,0,983,1,0
51749,4,0,466,1,0
34710,6,1,288,1,0
10158,7,0,865,1,0
74737,6,1,676,0,1
78133,8,1,412,0,1
70294,4,0,400,0,0
77017,9,0,528,0,1
64300,2,1,18,1,1
46719,5,1,136,1,0
17254,4,1,464,1,0
19639,3,1,759,0,0
60158,1,0,248,0,0
62168,6,1,843,0,0
77413,4,1,710,0,0
30473,3,1,1,1,0
33254,7,1,702,1,1
6131,8,0,381,0,0
93633,8,0,509,1,1
72075,2,0,460,0,0
22885,2,1,505,0,0
79028,4,1,806,0,0
28769,4,0,476,0,0
94575,9,0,557,1,1
2382,1,1,954,1,0
34724,0,0,849,0,0
48538,7,1,897,0,0
90000,2,1,32,1,0
67634,0,1,904,1,0
31805,0,1,118,0,0
38344,1,1,808,0,0
75064,5,1,184,0,0
37537,5,0,191,0,0
77972,2,0,747,0,0
74978,3,0,750,1,0
73082,1,1,728,1,0
50683,1,0,74,0,1
38492,6,1,623,0,1
7561,0,1,103,0,0
10616,6,1,871,0,0
79385,0,1,586,1,0
17614,5,0,420,1,0
36368,2,0,473,0,0
90586,7,0,764,1,1
36888,5,1,114,0,1
75849,1,0,379,0,0
61149,7,0,313,1,1
62593,4,0,330,0,0
36127,7,1,339,1,0
93647,7,0,238,0,0
42949,5,1,173,0,0
17958,1,0,79,0,0
84262,7,1,464,0,1
79103,5,0,898,1,0
52495,5,0,605,0,0
39858,7,0,964,1,0
54412,0,1,501,1,1
68770,1,0,562,0,0
82379,8,0,285,1,0
15534,7,1,223,0,0
64147,6,1,593,1,1
47875,6,1,266,1,0
75869,4,1,667,0,0
66777,1,0,373,0,0
83655,5,0,233,1,1
86020,9,1,911,0,1
45834,2,0,828,0,0
88603,3,1,236,1,0
40703,9,0,671,1,0
76808,1,1,917,0,1
82026,1,0,828,1,0
68903,7,1,763,0,0
39432,7,1,314,0,0
91803,9,0,937,1,1
21412,5,0,942,0,1
93476,4,0,813,1,1
84626,7,1,380,0,1
44279,3,0,794,0,0
71542,3,1,614,0,0
40479,4,0,563,1,0
17397,0,0,420,1,0
2111,0,1,52,0,0
44114,1,1,721,1,0
11838,7,0,819,1,1
94433,6,1,643,0,0
47598,9,1,509,1,1
11220,8,0,782,1,1
8867,4,1,945,1,0
22952,1,0,205,0,0
79339,6,0,731,0,1
1029,7,1,257,1,1
77587,6,0,185,0,0
91675,6,1,145,1,1
95140,4,0,690,0,0
17538,1,1,994,1,0
48615,5,1,14,0,0
5844,3,1,246,1,0
83920,9,1,187,0,0
42517,1,1,337,1,0
7169,8,0,259,0,0
42459,6,0,866,0,0
19899,5,1,40,0,1
98846,4,0,601,1,0
93862,2,1,637,1,0
70288,9,1,962,1,1
89959,9,0,418,0,1
7697,3,0,986,1,0
47193,2,1,351,0,0
37326,7,1,9,0,1
72227,2,1,350,0,0
91469,6,1,84,1,1
77462,6,1,533,0,0
26517,6,1,989,1,0
18793,6,0,793,1,0
79774,1,1,358,0,0
53261,9,1,378,1,1
2269,2,0,172,0,0
84192,9,1,25,0,1
22152,8,1,393,1,1
71949,2,0,103,0,0
73951,1,1,702,0,1
8136,8,0,236,0,1
31878,9,1,410,1,0
27834,8,0,825,1,0
23273,3,0,549,1,0
30503,8,0,784,0,0
66421,2,1,805,0,0
71775,6,1,332,1,1
6444,6,0,664,1,0
18900,7,0,794,1,1
25472,9,1,532,1,0
61616,3,1,649,1,0
20638,2,1,983,0,0
64018,2,1,871,1,1
15073,4,1,29,0,0
71255,0,0,543,0,0
59600,9,1,19,0,1
36675,2,0,148,0,0
42361,5,1,471,1,1
27816,2,0,491,0,0
3336,4,0,283,1,0
15948,8,1,862,0,0
2452,1,0,853,1,0
2032,1,0,812,1,0
76549,5,0,675,0,0
8656,5,0,113,1,1
86936,7,1,455,0,1
5598,1,0,662,1,0
76218,8,1,330,0,1
50198,1,0,255,0,0
64486,0,1,599,1,0
9669,9,1,399,1,1
56982,1,1,862,0,0
70493,6,0,610,0,1
440,7,1,909,1,0
44049,4,1,508,0,0
82402,5,0,644,0,1
62543,0,1,466,0,1
91768,5,0,824,1,0
74127,7,0,407,0,1
238,2,1,609,0,0
458,0,0,98,1,0
75350,3,0,290,0,0
85476,0,0,868,0,0
30754,7,1,739,0,1
25979,4,0,657,0,0
81632,0,0,156,1,0
55878,7,0,782,0,0
37872,8,1,162,0,0
58578,9,0,624,0,0
64453,1,1,843,0,0
26862,8,0,697,0,0
13383,7,1,717,1,1
64022,6,1,97,1,1
39520,2,1,377,0,0
55668,1,0,567,0,0
85190,6,0,450,1,1
20319,4,0,994,1,0
57269,5,1,117,1,1
75065,3,0,605,0,0
46940,1,0,805,0,0
44795,8,1,964,0,0
84854,2,0,716,0,0
78088,6,0,794,0,1
58442,7,1,506,0,1
19051,1,1,189,1,0
1407,5,0,476,1,0
80488,7,1,323,0,1
90868,6,0,596,0,1
35528,2,0,970,0,0
92121,0,0,180,1,0
75874,5,0,786,1,1
39075,7,0,181,1,0
1240,5,1,959,1,1
24942,4,1,693,0,0
26521,7,0,795,1,0
1808,1,1,287,1,0
3730,0,1,475,0,0
19695,0,0,618,0,0
76121,3,1,641,0,1
28408,5,1,262,1,0
44889,8,0,523,0,0
55790,0,0,162,1,1
26186,0,0,487,1,0
16959,4,0,980,1,0
7784,9,0,959,1,1
91188,4,0,181,0,0
1307,4,0,725,0,0
46199,9,1,469,1,1
67596,5,0,786,0,1
66193,7,1,21,1,1
29789,2,1,275,1,0
48751,8,0,260,0,0
13993,0,1,333,0,0
97908,3,1,466,1,0
66518,8,1,116,0,0
60111,7,0,413,1,1
38735,9,1,537,0,1
56215,8,1,952,1,1
95171,0,0,845,1,0
78505,8,1,766,0,1
72802,2,1,959,0,1
78618,9,1,923,1,1
72905,8,1,956,0,1
59054,0,1,723,0,0
28164,0,0,817,1,0
79163,8,1,833,1,1
2554,5,0,934,0,1
20978,3,1,851,0,0
51198,6,0,948,1,0
62254,4,0,257,1,0
13091,9,0,168,1,0
68444,6,1,849,1,1
36693,7,1,533,1,0
36404,7,1,598,1,0
30486,0,1,15,1,0
55320,7,1,50,1,1
69438,5,0,999,0,0
94389,3,0,304,0,0
21183,7,0,487,0,0
18454,2,1,416,1,0
22290,3,1,305,0,0
6242,5,0,196,1,0
28498,6,1,876,0,0
52071,3,1,813,1,0
41962,3,0,800,1,0
98768,6,0,388,0,0
53510,5,1,757,1,1
19603,7,1,961,0,0
48556,0,0,865,0,0
82135,9,1,455,0,1
8116,6,0,713,0,0
2484,6,0,705,0,0
62420,6,0,848,0,0
15172,6,1,658,0,0
80118,9,0,310,0,1
40610,9,0,127,0,0
49033,7,1,175,1,1
21926,8,0,134,1,1
68126,8,1,66,0,0
25618,1,1,393,1,0
24145,6,1,964,1,1
50976,6,0,365,0,0
92546,3,0,279,0,0
90202,8,1,758,1,1
52019,7,1,363,0,1
99541,0,1,749,0,0
27203,1,0,171,0,0
36288,1,1,51,1,0
5945,7,1,328,0,0
86798,0,1,871,1,0
36774,3,0,665,0,0
19437,9,1,592,0,0
22413,4,0,931,1,0
27043,8,0,145,0,0
78049,6,1,274,1,1
376,7,1,155,1,0
51251,8,1,911,0,0
17711,6,0,508,0,0
12044,4,0,849,1,0
52987,4,0,363,1,0
81542,9,1,325,0,1
49947,5,0,848,0,0
58753,4,1,655,0,0
86172,8,1,298,0,1
56722,2,1,494,0,0
27910,2,0,546,1,0
77942,6,0,304,1,0
10603,6,0,467,1,0
84861,5,1,904,1,1
37076,2,0,239,0,0
11690,6,0,650,1,0
10986,4,1,766,0,0
12966,6,1,517,0,0
66724,1,0,884,0,0
68999,5,1,176,0,0
32892,7,0,885,0,1
9864,0,1,410,1,0
86256,3,1,726,0,0
42827,0,0,364,0,0
78571,0,1,23,0,1
8168,9,1,318,1,1
7395,7,1,525,0,0
41260,6,0,905,0,0
11490,9,1,753,0,1
20231,0,1,276,1,0
94854,1,0,604,0,0
76069,3,0,620,1,0
15138,0,1,953,1,0
52427,2,1,229,0,0
93818,7,1,664,1,1
77164,7,0,108,1,0
21381,7,1,801,0,0
54289,5,0,916,0,1
48611,5,0,956,0,0
8705,4,1,176,0,0
1481,8,1,320,1,0
66734,3,0,286,1,0
19910,9,1,876,0,0
24422,6,1,329,0,0
41969,0,0,877,0,0
33055,8,1,753,1,1
61488,6,0,657,0,0
10307,9,1,356,1,0
87429,8,0,14,1,1
67728,6,0,275,1,1
28320,1,1,71,1,0
84150,5,0,827,0,1
74185,9,0,195,0,0
22131,3,1,865,0,0
70821,2,1,812,1,1
80907,1,1,928,1,0
71412,5,0,879,0,1
59866,7,0,523,1,1
12549,5,0,106,1,0
89933,8,1,770,1,1
56799,4,0,986,0,0
81353,1,0,893,0,0
46192,7,1,196,0,0
63771,8,0,145,1,1
10450,9,1,977,0,0
96258,3,1,732,0,0
68587,5,1,350,0,1
17722,9,0,424,1,1
70363,7,0,471,1,1
53217,8,0,686,1,1
58494,4,1,216,1,1
23882,5,1,93,1,0
28554,3,1,260,0,0
68004,4,0,934,0,0
15692,6,0,575,1,0
22273,8,0,541,1,1
33304,9,0,787,0,0
35696,5,0,859,1,0
34424,5,1,285,1,1
61302,7,0,484,1,1
89500,3,1,931,1,0
30850,2,1,372,1,0
76212,6,0,70,0,1
16666,4,1,379,0,0
7290,1,0,279,1,0
88707,1,0,743,1,0
38433,5,1,302,0,0
81005,7,0,255,1,1
89671,0,0,684,0,0
1689,5,1,944,1,0
25335,1,1,692,0,0
259,1,1,264,0,0
12245,6,1,695,1,1
81009,9,1,834,1,1
32021,0,1,717,0,0
16337,5,0,424,1,0
8344,6,0,761,0,0
14843,7,0,213,1,0
97202,6,1,671,1,1
46201,5,0,944,1,0
84327,8,1,100,0,1
99632,2,0,829,0,0
56478,5,1,112,1,1
71226,3,0,308,0,0
56171,1,1,678,1,0
71221,0,1,475,0,0
74863,0,1,548,1,0
93914,9,1,112,0,0
12337,2,0,87,0,0
15749,3,0,183,0,0
37813,1,1,597,0,0
73563,0,1,781,0,0
45509,3,1,165,0,0
48866,6,0,815,1,0
46254,9,1,90,1,0
7116,5,1,455,0,0
79663,5,0,238,1,1
48788,8,1,999,0,0
89778,1,1,534,1,1
54338,3,0,679,1,0
58708,4,1,727,1,0
89181,0,1,58,1,0
31997,7,0,542,0,0
51061,7,1,914,1,1
68803,5,0,618,1,0
44857,4,1,402,1,0
27017,7,1,842,0,0
22836,2,1,679,1,0
28090,2,1,862,0,0
62651,1,1,666,0,0
58261,4,0,839,1,0
79723,2,1,519,0,0
22540,2,1,197,1,0
35305,5,0,833,1,1
80911,7,0,46,1,1
55203,1,1,530,1,1
70912,3,0,397,1,0
41727,6,1,665,1,0
19108,0,0,776,1,0
71374,0,0,74,0,0
32502,9,1,416,0,0
53484,6,0,657,1,1
5893,6,1,614,1,1
5671,0,0,335,0,0
96967,0,0,847,1,0
16309,3,0,633,0,0
91030,4,1,688,0,0
43248,4,1,575,1,0
91318,3,0,296,1,0
2324,7,1,84,0,0
48795,6,1,15,0,1
32541,8,1,867,1,0
39229,6,0,134,1,0
62468,9,1,478,0,1
92222,0,0,633,0,0
44860,6,0,319,0,1
23578,0,0,392,1,0
71954,6,0,479,1,1
94330,9,0,640,1,0
85816,7,1,368,0,1
12280,8,1,367,0,0
98638,2,0,288,1,0
15472,3,1,813,0,0
29896,3,1,378,0,0
58372,8,1,692,0,1
90063,6,1,463,0,1
98926,2,1,594,0,0
93735,9,1,13,1,1
54140,4,1,536,1,0
75457,6,0,168,1,1
71468,7,0,270,1,1
78456,0,0,988,1,0
16311,1,1,971,0,0
5942,6,1,70,0,1
63215,1,0,318,0,0
66952,6,1,376,1,1
46068,8,1,89,0,0
17608,1,0,701,0,0
22105,6,0,257,0,0
54675,3,0,217,1,0
80842,1,1,450,0,0
19071,6,1,894,0,0
25699,4,1,544,1,0
87692,0,0,141,1,0
67014,4,0,161,0,0
67155,2,1,32,1,1
87797,6,0,824,0,0
5455,5,0,152,1,0
54220,7,1,859,0,0
74719,4,0,260,0,0
38442,1,0,728,1,0
86092,8,0,279,1,1
78960,7,1,285,1,1
2357,5,1,610,1,0
27464,9,0,917,0,1
25072,6,1,542,1,1
26754,8,1,602,0,0
80869,6,1,148,0,1
81523,2,0,656,0,0
29420,5,1,67,1,0
20908,6,0,945,0,0
52489,1,0,869,0,0
95790,2,1,570,1,0
34873,3,0,940,0,0
51268,9,1,793,0,1
27847,5,1,279,0,0
76496,0,0,748,1,0
83792,8,0,443,0,0
57605,4,1,897,0,0
85996,6,1,865,0,1
18235,8,1,399,1,1
90987,8,1,128,1,1
96135,0,0,337,1,0
47477,0,0,482,0,0
23654,2,0,721,0,0
62591,5,1,948,0,1
55721,1,0,186,0,0
58383,9,0,169,0,0
85240,0,0,684,1,0
17023,0,0,260,0,0
47691,4,1,717,0,0
62361,3,0,964,1,0
54436,0,0,647,1,0
74183,3,0,558,0,0
61048,2,0,507,1,0
33102,1,1,521,1,0
80198,8,1,471,1,1
73116,0,0,161,0,0
26772,6,1,289,1,1
4313,3,1,340,0,0
10393,4,1,900,1,0
55960,9,1,833,0,1
62607,4,0,502,0,0
57234,0,1,106,0,1
2200,5,1,802,1,0
62097,8,0,475,1,0
28272,1,0,853,1,0
20232,6,0,600,0,1
18299,5,0,463,1,0
36709,4,1,483,1,0
43065,3,0,704,0,0
8116,3,1,153,1,0
39879,5,1,823,0,1
31981,3,0,649,1,0
82694,4,0,785,0,0
24572,5,1,149,0,0
51913,4,1,188,1,0
36121,6,0,653,0,0
54231,8,0,131,1,1
24187,9,0,452,1,0
12928,6,1,516,1,0
61710,6,1,491,1,1
96764,3,0,476,0,0
1501,0,1,263,0,0
85279,7,0,538,0,0
15293,3,1,459,1,0
92489,0,1,536,1,0
44964,4,0,778,0,0
20407,7,0,741,0,0
19711,3,0,781,1,0
43891,7,1,637,1,0
12050,7,1,684,1,1
76340,2,0,746,0,0
77503,8,1,295,1,1
2845,2,0,915,0,0
55343,0,1,435,1,1
3966,1,0,275,0,0
32345,5,1,588,1,0
44824,9,1,308,0,1
71454,1,1,726,0,0
51474,5,1,943,0,1
30216,0,0,997,1,0
81129,0,1,376,0,0
93674,4,0,158,0,0
20547,9,0,814,1,0
30531,8,0,204,0,0
18008,7,0,989,0,0
29436,2,1,661,1,0
41092,2,0,75,0,0
55450,0,1,380,1,0
69661,2,1,741,0,0
52055,0,1,304,1,0
61340,7,1,62,0,1
20193,0,0,570,0,0
6255,4,1,786,0,0
46707,8,0,108,1,0
33587,6,1,187,0,0
55768,3,1,987,0,1
21063,8,0,229,1,0
50224,8,1,48,1,1
52970,1,1,831,1,1
56647,9,1,268,0,1
64210,9,1,727,0,0
53654,5,1,802,0,1
21036,3,0,254,1,0
4526,7,1,957,1,0
88939,6,1,870,0,1
27706,6,0,87,0,0
47932,9,1,181,1,0
28251,8,0,25,1,1
79403,4,1,958,1,0
11408,5,1,388,0,0
62622,0,0,222,1,0
45771,5,1,990,1,1
90406,1,1,397,1,0
94208,5,0,938,1,1
2304,8,0,511,0,0
92869,7,1,561,1,1
87365,8,0,846,0,1
31231,9,1,440,0,1
52528,7,0,175,1,1
33970,2,1,904,1,0
49167,7,0,311,0,0
58685,5,0,984,1,0
21707,5,0,274,0,0
25068,5,0,35,1,0
99034,2,0,217,0,0
12008,9,0,721,0,0
26523,0,0,672,0,0
74807,3,0,408,1,0
78357,9,0,519,0,0
61315,5,1,269,0,1
55935,9,0,638,1,1
49529,1,1,475,1,0
82252,6,0,880,0,1
38558,6,1,325,0,0
46269,3,1,356,1,0
7759,3,0,90,0,0
60714,0,0,42,1,1
77340,1,1,365,1,0
32893,8,1,671,1,0
46573,9,0,202,0,0
96862,7,0,366,1,1
89488,7,0,794,0,0
97718,8,1,982,0,1
88430,6,0,844,1,0
55851,8,0,288,1,1
79015,9,0,603,1,1
54354,1,0,481,1,0
7106,5,0,637,0,1
74318,2,1,501,0,0
65444,5,1,638,1,1
33940,2,0,52,0,0
32530,7,0,916,1,0
23191,3,1,103,0,0
33083,9,0,361,0,0
24089,5,1,424,0,0
75551,8,0,699,1,1
19090,1,1,205,0,0
90370,1,1,14,0,1
80460,6,0,940,0,0
36181,1,1,616,0,0
11133,1,0,629,1,0
16341,3,1,470,0,0
6039,8,0,466,1,0
47662,7,0,304,1,1
35163,1,0,605,0,0
76821,7,1,427,0,1
27145,3,0,656,1,0
44869,1,0,110,1,0
47218,9,0,675,1,0
84803,6,1,565,0,1
21725,5,0,930,0,0
27176,9,1,515,1,1
64905,4,1,68,1,1
44705,0,1,246,1,0
84665,1,0,389,0,0
88609,7,0,650,0,1
39221,0,1,308,1,0
65201,2,0,925,0,0
31533,1,0,352,1,0
43409,4,1,799,0,0
67568,3,1,66,1,1
44354,6,0,460,0,0
67393,4,1,347,0,0
96358,7,0,325,0,1
37953,3,1,933,0,0
38505,5,0,667,0,0
66752,3,0,599,0,0
43627,1,1,33,0,0
77327,0,0,68,1,0
592,0,0,187,1,0
93518,7,1,192,1,1
8911,3,0,213,0,0
93444,4,0,600,0,0
24372,7,0,428,0,0
94035,6,1,351,1,0
72110,7,1,108,1,1
92592,7,1,240,1,1
47253,5,1,216,1,1
54210,9,1,177,1,1
14079,1,0,565,1,0
28428,5,0,330,0,0
12967,0,0,561,1,0
59334,0,1,881,0,0
25951,2,0,626,1,0
31379,2,1,450,1,0
96163,4,0,607,0,0
73502,0,1,447,0,0
15549,9,0,537,0,0
76321,5,0,644,1,0
89180,6,1,179,1,1
5551,9,0,395,0,0
87278,2,0,145,1,0
41416,3,1,876,0,0
63164,9,0,962,1,1
63861,9,0,198,1,1
38970,9,1,969,1,1
96666,9,1,837,0,1
30973,9,1,84,1,0
58727,2,1,669,0,0
66255,0,1,85,0,0
99286,7,0,457,0,0
25472,9,1,476,0,0
3742,9,1,253,0,0
28101,1,0,887,0,0
34164,0,0,72,0,0
94926,7,0,223,0,0
14222,6,0,276,0,0
24920,6,0,795,1,0
68531,3,1,776,0,0
55845,8,0,246,1,1
50181,5,1,341,0,1
71002,1,0,573,1,0
8811,0,1,924,1,0
85232,0,0,471,1,0
18893,8,1,454,1,0
8299,3,1,771,1,0
76353,4,1,965,1,1
36291,2,1,969,0,0
10311,3,1,7,0,0
63169,7,1,188,0,1
88996,3,1,4,0,1
56846,8,1,743,0,0
21642,8,1,645,0,0
31412,5,1,907,1,0
45342,1,0,125,0,0
93883,9,1,15,1,1
87993,6,1,960,1,1
55488,8,0,994,1,1
27791,5,1,525,1,1
78060,2,1,630,1,0
84488,6,0,240,1,1
22701,4,0,775,0,0
18120,0,1,360,1,0
8255,2,0,518,1,0
69219,4,1,952,0,0
81151,6,1,320,0,1
36877,2,1,231,0,0
19810,5,0,946,0,0
24632,4,1,30,0,0
18701,0,1,534,0,0
63327,9,0,921,0,1
5067,5,1,156,1,1
84389,7,1,630,0,1
20122,0,1,852,1,0
43563,1,1,935,0,0
74771,3,1,963,0,0
5822,1,1,901,1,0
27513,8,0,705,0,0
92872,9,1,399,0,0
81150,7,1,346,0,0
85967,7,0,195,0,1
83696,3,1,168,0,0
66832,4,1,377,0,0
12397,3,0,489,0,0
68423,8,0,751,1,0
23916,1,0,362,0,0
40795,7,0,482,1,0
19802,1,0,244,1,0
25342,0,0,581,1,0
55941,9,0,607,1,1
67812,2,1,589,1,1
85763,8,1,171,1,1
92864,2,1,513,1,0
53674,8,0,406,0,0
85844,6,1,574,0,1
28582,9,0,207,0,0
9271,0,1,154,1,0
99032,9,1,786,0,1
3796,4,1,48,1,0
20158,8,1,649,1,0
20413,2,0,1,0,0
19249,8,0,747,1,1
53621,4,1,905,1,1
45840,8,0,768,0,0
5056,9,0,407,1,1
75831,5,1,107,0,1
82712,8,0,173,1,1
66741,6,0,506,1,0
63911,6,0,130,0,0
52260,7,0,398,0,1
51413,6,1,294,0,0
63332,8,1,552,1,1
15517,8,0,447,1,0
24829,5,1,850,0,1
30199,6,1,16,0,1
98234,1,1,639,0,0
30061,8,0,885,1,0
12702,0,0,349,1,0
9356,0,1,203,0,0
86220,2,1,134,0,0
34781,5,0,771,0,0
91428,4,1,526,1,1
87540,1,0,508,0,0
64889,8,1,66,0,1
43461,9,0,480,0,0
64603,3,0,863,1,0
34640,3,0,459,1,0
26636,4,0,342,0,0
84800,7,1,707,1,1
63143,9,0,626,0,1
78632,3,1,159,0,0
56675,4,0,161,0,0
2971,3,0,254,0,0
46102,5,1,984,1,1
49912,2,1,897,0,0
22726,7,1,940,0,1
60079,5,0,527,1,1
76157,9,0,549,0,1
66768,4,1,155,1,0
99103,1,0,486,0,0
80170,9,1,432,0,0
89490,9,0,27,0,1
43098,6,0,12,0,1
63914,1,0,67,1,0
45707,0,1,542,0,0
7912,6,0,96,1,1
61944,4,1,215,1,1
70193,0,1,194,1,0
2279,3,0,647,0,0
43898,3,1,290,1,0
74701,9,1,544,1,1
8375,6,0,885,1,0
50674,8,1,39,0,1
47957,1,1,864,0,0
20800,0,0,939,1,0
39564,1,0,939,1,0
42451,6,0,206,0,0
93430,9,1,899,1,1
94419,5,1,942,1,1
82634,3,0,928,1,0
13969,0,1,555,0,0
60415,0,0,484,1,0
93788,4,0,337,1,0
21054,0,0,496,0,0
31655,6,1,771,1,1
63453,0,1,249,0,0
82290,0,0,74,0,0
45126,1,0,373,0,0
47076,9,1,831,1,1
80678,2,0,879,1,0
91602,0,1,808,1,1
45195,8,0,786,1,1
14370,9,0,835,1,0
31008,7,1,871,1,0
15623,4,1,702,1,0
62533,1,1,138,1,0
47168,4,1,948,0,0
20091,5,1,457,1,0
10875,0,0,814,1,0
77901,3,0,823,0,0
85095,8,1,942,1,1
61350,1,1,843,0,0
16773,4,0,444,1,0
27156,0,0,353,1,0
6714,3,1,996,0,0
7515,3,1,794,0,0
88791,5,0,411,1,1
43984,9,1,678,0,0
17064,8,0,790,1,0
37826,2,0,538,1,0
37144,8,1,982,1,0
57249,5,0,453,1,1
37644,6,0,419,1,0
50076,9,0,450,1,0
32352,1,1,995,0,0
3932,9,0,585,0,0
90911,5,1,115,0,1
80537,5,0,51,1,1
34248,1,0,369,0,0
61340,1,0,914,1,0
88554,1,0,683,0,0
85176,9,0,780,1,1
77216,0,1,515,1,0
53559,4,1,210,1,0
38502,7,0,888,1,0
57827,1,1,998,1,0
38678,4,1,903,0,0
90553,7,0,993,1,0
22418,9,1,902,0,0
75815,4,1,850,1,1
77887,1,1,813,1,1
85129,2,1,895,1,0
20566,5,0,854,0,0
95842,4,1,627,1,0
45575,3,0,679,0,0
60242,3,0,435,1,0
85260,4,1,777,0,1
26664,1,0,227,0,0
22512,8,1,663,0,0
93626,1,0,268,1,0
51101,9,1,116,1,1
57749,1,1,600,0,0
61057,9,0,830,1,1
35617,8,1,754,1,1
13256,2,1,360,1,0
23164,9,1,329,0,0
25811,6,1,845,0,0
30206,3,0,40,1,0
65558,5,0,182,0,1
16689,3,0,490,1,0
89372,9,1,209,1,0
86611,6,0,903,0,0
7314,0,1,273,0,0
96217,2,1,119,1,1
85831,2,1,382,1,1
27227,0,0,946,1,0
5241,5,0,536,0,0
28984,8,0,258,0,0
90521,7,0,483,1,1
2808,6,1,509,1,1
18475,9,0,92,0,0
15188,7,0,979,1,0
57715,5,0,161,0,0
45146,8,0,149,0,0
10114,2,1,117,1,0
64525,9,0,458,1,1
3373,9,0,565,0,1
47235,8,0,814,1,0
30981,3,1,45,0,0
97122,6,0,777,0,1
78177,8,0,998,0,0
8812,1,0,774,1,0
74804,1,1,819,1,1
52974,8,1,234,1,1
69187,2,0,375,0,0
12397,8,0,547,0,0
27228,4,1,850,0,0
68468,5,1,949,0,1
94119,1,1,915,1,0
87699,7,1,197,1,1
88599,8,1,25,1,1
79058,1,0,395,0,0
33020,5,0,714,0,0
11256,5,0,785,1,0
11208,7,0,36,0,1
31945,9,1,474,1,1
2900,4,1,223,0,0
42812,8,1,864,0,0
2710,0,1,789,0,0
77703,8,1,530,0,1
33972,9,0,188,0,0
10828,6,0,402,1,0
95202,3,0,257,1,0
95419,2,0,654,1,0
20683,9,0,136,0,0
85874,5,1,962,1,1
7363,0,1,819,1,0
67550,2,1,591,0,0
89385,1,1,444,0,0
19556,8,1,418,1,0
91218,2,0,292,1,0
66042,1,0,574,1,0
13789,3,0,129,1,0
33034,1,1,341,1,0
33376,0,1,810,0,0
19973,5,1,257,1,1
13150,9,1,992,1,0
66316,7,0,724,1,0
84544,9,1,566,1,1
84140,9,0,687,1,1
21744,1,1,100,1,0
62121,8,0,39,0,0
37225,2,1,926,0,0
66999,7,1,263,0,1
42391,7,0,150,1,0
35160,2,0,633,1,0
1638,2,1,690,0,0
36276,5,0,813,1,0
41620,0,1,330,1,0
25775,3,1,120,1,0
18387,0,0,584,0,0
274,2,1,219,0,0
92368,8,1,906,0,0
35098,4,0,910,1,0
53412,4,1,814,0,0
12212,3,1,123,0,0
75325,2,1,244,0,1
44914,4,1,886,1,0
85191,3,0,587,0,0
50819,7,0,518,0,0
34019,3,0,21,1,0
73255,7,1,190,0,1
71669,5,0,225,1,1
41428,4,0,915,1,0
70582,3,0,615,0,0
24718,3,1,856,0,0
34775,3,0,466,0,0
19019,8,0,99,1,0
4273,3,1,830,0,0
26500,8,1,363,0,0
50545,9,1,997,0,1
70405,5,1,83,1,1
37664,9,1,693,1,1
45914,6,1,664,1,0
79847,9,0,56,0,1
88891,2,0,702,0,0
28062,7,1,930,1,0
84992,2,1,22,0,0
85942,0,0,580,0,0
70633,9,1,185,1,0
56284,4,1,522,1,0
83012,1,0,578,1,0
10678,9,1,264,0,0
18724,5,1,225,0,0
39294,9,0,635,0,0
489,8,0,38,1,1
99403,0,0,123,1,0
67491,3,0,830,0,0
13894,0,0,156,1,0
58102,0,1,906,1,1
35631,7,1,301,0,0
52915,1,1,833,1,1
5086,0,1,994,0,0
32398,7,1,67,1,0
1581,3,0,905,0,0
56508,2,1,645,1,0
69367,3,1,874,0,0
16935,4,1,394,1,0
27898,0,1,652,1,0
91749,0,1,594,1,0
64987,2,0,570,1,0
19577,5,1,661,1,1
17366,0,1,405,0,1
86428,1,1,449,0,0
86088,6,1,131,0,1
43626,0,1,69,1,0
11989,6,1,345,0,0
24435,3,0,762,1,0
11354,9,1,320,1,0
86710,5,0,177,0,1
11542,7,0,584,0,0
46389,8,1,529,1,0
53847,5,1,841,1,0
37427,8,1,160,0,0
16299,3,0,582,0,0
72927,5,1,625,1,1
212,7,1,744,1,0
87151,8,1,533,0,1
19681,2,0,135,1,0
59822,1,0,775,1,0
92136,5,1,111,0,0
97662,3,0,999,0,0
16623,0,1,758,1,0
67060,7,0,283,1,1
19652,8,1,520,0,0
10908,8,0,969,1,1
72625,1,1,796,0,0
23720,8,1,719,1,1
987,6,0,194,0,0
31902,4,0,967,1,0
85124,6,0,47,1,1
95649,8,0,978,1,1
82038,7,0,342,0,1
86841,5,1,242,0,1
26149,3,1,522,0,0
77889,0,0,370,1,0
84626,5,1,801,1,1
7946,2,1,903,0,0
90663,5,0,131,0,0
46320,5,1,270,1,0
46263,3,1,940,1,0
3865,1,0,814,1,0
81586,8,0,61,1,1
45370,1,1,164,0,0
75377,2,0,525,0,0
88378,9,1,272,1,1
90339,0,0,720,1,0
23031,6,0,758,1,0
89216,0,0,133,0,0
55733,8,0,244,0,1
80802,0,1,985,1,0
52013,4,0,806,1,0
94876,6,0,998,1,1
26091,2,1,434,1,0
54945,8,1,38,1,1
98605,7,1,871,1,1
55412,2,1,568,0,0
10661,4,0,319,0,0
17001,6,1,510,0,1
95656,3,0,376,1,0
62975,4,1,560,1,0
26017,2,0,617,1,0
62220,8,1,474,0,1
2088,9,0,59,1,0
14356,8,0,589,0,0
87828,6,1,940,1,1
28330,9,0,499,1,0
59878,1,0,218,1,1
45933,6,0,895,0,0
22725,6,0,567,0,0
32188,4,1,567,0,0
79750,8,0,129,1,1
41267,2,0,904,0,0
71391,3,1,383,1,0
65403,0,1,388,1,1
76461,5,1,85,0,1
88329,3,0,510,0,0
4217,0,0,726,1,0
90365,1,1,627,1,0
97818,2,0,437,1,1
60810,8,1,826,1,1
94526,7,0,293,0,1
94976,6,1,49,0,1
67154,3,0,67,0,0
31049,0,1,787,1,0
22647,7,0,129,1,0
81982,3,1,29,1,1
68236,2,0,343,0,0
64719,8,0,545,1,1
61942,9,0,119,1,0
94903,3,1,692,0,0
27090,3,0,937,0,0
16293,8,0,663,1,1
30209,1,0,133,0,0
19333,4,1,327,1,0
81830,3,0,185,0,1
34610,8,1,506,1,1
1406,4,0,646,0,0
3949,8,1,689,0,0
12460,8,1,534,0,0
94867,1,0,241,0,0
45900,8,1,589,1,0
37063,2,1,716,1,0
54430,3,0,516,0,0
51807,0,1,840,1,0
18789,0,1,960,0,0
29184,0,1,165,0,0
40487,8,1,927,1,0
74916,7,0,933,1,1
2742,4,1,640,1,0
42237,4,1,557,1,0
79932,8,0,218,1,1
55661,2,0,747,1,0
62360,2,1,648,1,0
15538,6,0,680,0,0
48542,8,0,993,1,0
3094,5,0,749,0,0
99675,1,0,605,1,0
1913,0,0,5,1,0
93127,1,0,668,0,0
84481,0,0,757,0,0
55376,9,0,872,0,0
41343,9,0,81,0,0
63012,8,1,247,1,0
60372,9,1,855,1,0
42151,7,1,493,0,1
78954,6,1,649,0,1
82836,2,1,386,1,0
65718,7,0,575,1,1
2020,1,0,992,0,0
77319,1,1,307,1,0
76972,9,1,628,1,1
81232,2,0,625,0,0
2193,6,1,543,0,0
13005,0,0,7,0,0
24451,7,1,926,0,0
31081,6,0,954,1,0
74003,3,1,515,0,0
70921,4,0,819,1,0
82389,9,1,755,1,1
84121,0,1,568,1,0
78613,3,0,73,1,0
19974,0,0,10,0,0
51031,0,1,573,1,1
7774,9,1,562,0,0
50616,0,0,122,1,0
94674,6,0,687,0,1
60786,6,0,986,1,1
94951,3,1,513,1,0
69312,1,1,990,0,0
2526,2,0,441,0,0
90109,7,1,38,0,1
68598,7,1,702,0,1
30043,5,0,591,1,1
66495,9,1,345,1,1
44916,8,0,966,1,0
4238,8,0,338,1,0
91276,3,1,961,1,1
76045,0,1,702,0,0
4117,0,0,184,0,0
10551,9,0,67,1,1
63056,4,0,17,0,0
93963,1,1,383,1,0
10378,5,0,368,1,0
90580,6,0,904,0,0
43864,0,0,316,1,0
1234,5,0,497,0,0
63043,7,1,808,1,1
95767,4,1,721,0,1
54418,6,0,345,1,0
60228,9,1,958,1,1
88156,5,1,553,0,1
21969,3,1,908,1,0
5139,6,0,989,1,0
21381,9,1,473,0,1
10542,8,1,115,0,1
73888,9,0,100,0,0
27686,9,0,885,1,1
53153,6,1,438,0,1
50589,4,1,345,0,0
83204,6,0,349,0,0
86446,2,0,139,1,0
67187,1,0,828,0,0
12725,4,0,324,1,0
34497,3,1,846,1,0
58771,4,0,302,0,0
91885,7,1,294,1,1
66997,3,1,957,1,0
26249,8,1,529,1,0
60130,6,0,834,1,1
70006,9,0,968,1,1
5383,6,1,292,0,0
7710,7,1,74,0,0
43426,5,1,775,0,1
15024,7,1,484,1,0
76262,2,1,16,0,1
969,9,0,526,1,0
97188,9,0,336,1,1
1114,0,0,793,1,0
10203,5,1,873,1,1
82622,0,1,516,0,0
96107,8,0,925,1,1
33558,1,0,127,0,0
90705,1,1,824,0,0
82509,6,0,518,1,1
23348,1,0,129,0,0
89260,9,0,511,0,1
43616,7,1,423,0,0
29161,5,1,385,1,0
24270,6,0,883,1,0
8124,6,1,232,1,1
82314,5,0,959,0,1
86047,9,0,825,0,0
43903,8,1,195,1,0
19396,8,1,65,1,1
91929,6,1,833,0,1
92808,8,0,615,1,1
86764,9,0,277,1,1
18357,2,0,670,0,0
12955,2,1,224,0,0
85278,0,0,801,1,0
20125,4,0,944,1,0
4558,3,0,278,1,0
63710,1,0,990,1,0
70943,8,1,694,0,1
84061,2,1,366,1,0
49931,7,1,516,1,0
43527,5,0,215,0,1
93909,4,0,439,0,0
38606,0,0,428,0,0
5768,3,1,729,0,0
91570,2,1,396,0,0
47295,0,1,209,0,0
73333,4,1,501,0,0
24517,5,1,463,1,0
82082,1,0,586,1,0
10851,2,1,227,0,0
46318,5,1,375,1,1
7452,3,1,500,1,0
79152,8,0,948,0,0
88935,4,1,93,0,0
97593,3,1,460,0,0
29027,1,1,577,0,0
41194,5,0,321,0,0
54222,9,0,10,1,1
29593,1,1,914,1,0
92347,6,1,303,0,1
73639,2,1,322,0,0
31807,8,1,817,1,1
68914,4,0,456,1,0
7396,7,1,278,1,1
25498,5,0,598,0,0
35942,9,1,538,0,1
13361,7,0,730,1,0
76809,2,0,393,0,0
96085,2,1,917,1,0
56804,4,0,95,0,0
67273,9,1,756,0,1
31881,2,0,959,1,0
13752,7,0,107,1,1
5203,9,1,390,0,0
25600,7,1,760,1,1
35629,1,0,526,0,0
18552,3,0,673,1,0
49493,9,1,71,1,1
31274,0,1,664,0,0
64550,3,1,969,0,0
35536,3,0,587,0,0
47506,9,1,376,1,0
63159,8,1,727,1,1
16054,2,0,368,0,0
82822,1,1,51,1,0
12456,8,1,898,0,0
98599,8,1,143,0,1
2287,0,1,419,0,0
77343,5,0,548,0,0
35198,9,1,500,0,0
92571,7,1,886,1,0
21325,2,1,988,1,0
3706,8,1,167,0,1
57720,1,1,748,1,0
32928,5,1,260,0,1
26589,0,0,192,1,0
14487,6,0,202,1,0
69563,2,0,774,0,0
71932,6,1,185,1,1
96080,3,1,158,0,0
2691,8,1,758,1,0
48616,4,0,622,0,0
91783,2,1,99,0,0
62161,7,0,241,0,1
66836,5,1,491,0,1
81357,1,1,202,0,0
61853,2,0,634,0,0
84874,7,0,509,1,1
11187,9,0,629,0,0
30916,6,0,96,1,0
23508,9,0,746,0,0
236,5,0,490,1,1
17513,0,1,579,0,0
59600,8,0,888,0,1
84614,2,1,218,1,0
56458,4,1,527,0,0
66297,6,1,273,0,1
92889,6,1,219,0,1
92520,2,1,786,0,0
32954,3,0,883,1,0
76340,9,0,659,0,1
90163,6,0,332,1,1
16422,7,1,856,0,0
7068,1,0,453,0,0
27618,8,1,152,0,0
52025,6,1,347,0,1
59948,7,1,816,1,1
93522,5,1,414,0,0
1800,5,0,527,0,0
93882,8,0,431,0,1
23299,3,0,379,1,0
44689,4,0,998,1,0
32215,8,0,895,1,0
62034,0,1,428,1,0
54416,3,0,866,0,0
5620,6,1,923,0,1
36555,8,1,84,1,0
86565,9,1,192,0,1
41705,5,0,41,0,0
15055,7,1,864,1,0
44149,8,1,836,0,0
14017,9,0,773,1,0
70393,3,1,309,1,0
78681,0,1,378,1,1
65025,7,1,136,1,1
70369,1,0,790,1,0
31054,0,1,106,1,0
96771,6,1,519,0,1
72717,9,0,918,0,1
41558,8,0,814,0,0
89137,8,1,542,1,1
21213,2,0,126,1,0
90326,5,0,357,1,1
44039,6,0,400,0,1
29445,9,0,79,0,0
46413,8,0,389,1,1
92465,1,0,579,1,0
69266,7,0,535,1,0
47961,6,1,701,1,1
97506,3,0,74,1,0
49398,1,0,5,0,0
47321,7,0,919,1,1
45042,4,1,463,1,1
3553,5,0,82,1,1
55035,6,0,537,1,1
43470,9,1,776,0,0
8428,0,0,991,1,0
15634,7,1,405,1,0
85380,3,1,514,1,0
85025,8,0,278,0,0
36420,0,1,840,1,0
49270,1,0,855,0,0
80301,5,0,224,1,1
8740,9,1,584,1,1
91157,0,1,68,1,0
30149,3,0,320,1,0
5718,7,0,606,1,0
56153,9,1,19,1,1
2020,4,0,640,1,0
44037,8,0,343,1,0
69824,5,0,594,1,0
12307,0,1,766,0,0
65874,5,0,949,0,1
33072,5,0,733,0,0
10899,5,0,343,0,0
71188,7,1,97,1,1
29016,5,1,52,1,0
70563,4,1,175,0,0
93600,1,0,338,0,0
76800,3,1,694,0,0
37258,9,0,940,0,0
84707,4,1,353,1,0
71796,9,0,391,0,1
61610,3,1,115,1,1
58792,1,0,348,1,0
61844,6,0,1,1,1
15910,9,1,63,0,0
5226,9,0,760,0,0
30109,1,1,743,1,0
99220,0,1,226,0,0
91032,4,0,423,0,0
292,0,0,19,1,0
36513,0,1,31,1,0
12916,0,1,845,0,0
39182,5,1,633,1,1
65148,8,0,24,0,1
51040,9,1,837,0,1
32230,0,0,983,1,0
40242,4,0,211,1,0
36568,8,1,961,0,0
30798,8,1,161,1,0
10755,0,0,255,0,0
47997,7,0,571,1,0
30175,0,0,114,0,0
9459,7,0,504,1,0
42156,0,1,929,0,0
51931,4,0,672,0,0
59291,7,1,955,1,1
33372,5,1,220,0,0
14771,8,1,357,0,1
27148,0,0,169,0,0
76374,8,0,524,0,0
26063,0,1,969,0,0
44054,9,1,242,1,1
72409,9,1,375,0,1
95530,2,1,139,0,0
